,Unnamed: 0,Unnamed: 0.1,지역,측정소명,측정일시,미세먼지,초미세먼지,주소
1,395977,395977,광주 동구,서석동,2017070102,13.0,5.0,광주 동구 서남로 1
3,395979,395979,광주 동구,서석동,2017070104,10.0,6.0,광주 동구 서남로 1
5,395981,395981,광주 동구,서석동,2017070106,11.0,5.0,광주 동구 서남로 1
7,395983,395983,광주 동구,서석동,2017070108,16.0,8.0,광주 동구 서남로 1
9,395985,395985,광주 동구,서석동,2017070110,14.0,8.0,광주 동구 서남로 1
11,395987,395987,광주 동구,서석동,2017070112,16.0,9.0,광주 동구 서남로 1
13,395989,395989,광주 동구,서석동,2017070114,20.0,12.0,광주 동구 서남로 1
15,395991,395991,광주 동구,서석동,2017070116,18.0,10.0,광주 동구 서남로 1
17,395993,395993,광주 동구,서석동,2017070118,18.0,10.0,광주 동구 서남로 1
19,395995,395995,광주 동구,서석동,2017070120,20.0,10.0,광주 동구 서남로 1
21,395997,395997,광주 동구,서석동,2017070122,14.0,9.0,광주 동구 서남로 1
23,395999,395999,광주 동구,서석동,2017070124,15.0,9.0,광주 동구 서남로 1
25,396001,396001,광주 동구,서석동,2017070202,10.0,4.0,광주 동구 서남로 1
27,396003,396003,광주 동구,서석동,2017070204,11.0,5.0,광주 동구 서남로 1
29,396005,396005,광주 동구,서석동,2017070206,7.0,4.0,광주 동구 서남로 1
31,396007,396007,광주 동구,서석동,2017070208,6.0,2.0,광주 동구 서남로 1
33,396009,396009,광주 동구,서석동,2017070210,6.0,2.0,광주 동구 서남로 1
35,396011,396011,광주 동구,서석동,2017070212,3.0,1.0,광주 동구 서남로 1
37,396013,396013,광주 동구,서석동,2017070214,3.0,1.0,광주 동구 서남로 1
39,396015,396015,광주 동구,서석동,2017070216,3.0,2.0,광주 동구 서남로 1
41,396017,396017,광주 동구,서석동,2017070218,6.0,2.0,광주 동구 서남로 1
43,396019,396019,광주 동구,서석동,2017070220,3.0,1.0,광주 동구 서남로 1
45,396021,396021,광주 동구,서석동,2017070222,2.0,1.0,광주 동구 서남로 1
47,396023,396023,광주 동구,서석동,2017070224,4.0,1.0,광주 동구 서남로 1
49,396025,396025,광주 동구,서석동,2017070302,3.0,2.0,광주 동구 서남로 1
51,396027,396027,광주 동구,서석동,2017070304,6.0,3.0,광주 동구 서남로 1
53,396029,396029,광주 동구,서석동,2017070306,3.0,1.0,광주 동구 서남로 1
55,396031,396031,광주 동구,서석동,2017070308,8.0,4.0,광주 동구 서남로 1
57,396033,396033,광주 동구,서석동,2017070310,10.0,3.0,광주 동구 서남로 1
59,396035,396035,광주 동구,서석동,2017070312,13.0,7.0,광주 동구 서남로 1
61,396037,396037,광주 동구,서석동,2017070314,13.0,5.0,광주 동구 서남로 1
63,396039,396039,광주 동구,서석동,2017070316,7.0,6.0,광주 동구 서남로 1
65,396041,396041,광주 동구,서석동,2017070318,8.0,1.0,광주 동구 서남로 1
67,396043,396043,광주 동구,서석동,2017070320,3.0,1.0,광주 동구 서남로 1
69,396045,396045,광주 동구,서석동,2017070322,2.0,1.0,광주 동구 서남로 1
71,396047,396047,광주 동구,서석동,2017070324,6.0,2.0,광주 동구 서남로 1
73,396049,396049,광주 동구,서석동,2017070402,9.0,3.0,광주 동구 서남로 1
75,396051,396051,광주 동구,서석동,2017070404,6.0,2.0,광주 동구 서남로 1
77,396053,396053,광주 동구,서석동,2017070406,6.0,4.0,광주 동구 서남로 1
79,396055,396055,광주 동구,서석동,2017070408,4.0,2.0,광주 동구 서남로 1
81,396057,396057,광주 동구,서석동,2017070410,2.0,1.0,광주 동구 서남로 1
83,396059,396059,광주 동구,서석동,2017070412,6.0,2.0,광주 동구 서남로 1
85,396061,396061,광주 동구,서석동,2017070414,3.0,3.0,광주 동구 서남로 1
87,396063,396063,광주 동구,서석동,2017070416,6.0,4.0,광주 동구 서남로 1
89,396065,396065,광주 동구,서석동,2017070418,13.0,4.0,광주 동구 서남로 1
91,396067,396067,광주 동구,서석동,2017070420,12.0,9.0,광주 동구 서남로 1
93,396069,396069,광주 동구,서석동,2017070422,16.0,6.0,광주 동구 서남로 1
95,396071,396071,광주 동구,서석동,2017070424,15.0,14.0,광주 동구 서남로 1
97,396073,396073,광주 동구,서석동,2017070502,16.0,13.0,광주 동구 서남로 1
99,396075,396075,광주 동구,서석동,2017070504,24.0,23.0,광주 동구 서남로 1
101,396077,396077,광주 동구,서석동,2017070506,27.0,25.0,광주 동구 서남로 1
103,396079,396079,광주 동구,서석동,2017070508,23.0,19.0,광주 동구 서남로 1
105,396081,396081,광주 동구,서석동,2017070510,34.0,29.0,광주 동구 서남로 1
107,396083,396083,광주 동구,서석동,2017070512,28.0,23.0,광주 동구 서남로 1
109,396085,396085,광주 동구,서석동,2017070514,27.0,24.0,광주 동구 서남로 1
111,396087,396087,광주 동구,서석동,2017070516,20.0,16.0,광주 동구 서남로 1
113,396089,396089,광주 동구,서석동,2017070518,22.0,17.0,광주 동구 서남로 1
115,396091,396091,광주 동구,서석동,2017070520,12.0,7.0,광주 동구 서남로 1
117,396093,396093,광주 동구,서석동,2017070522,19.0,7.0,광주 동구 서남로 1
119,396095,396095,광주 동구,서석동,2017070524,19.0,11.0,광주 동구 서남로 1
121,396097,396097,광주 동구,서석동,2017070602,19.0,16.0,광주 동구 서남로 1
123,396099,396099,광주 동구,서석동,2017070604,23.0,19.0,광주 동구 서남로 1
125,396101,396101,광주 동구,서석동,2017070606,31.0,19.0,광주 동구 서남로 1
127,396103,396103,광주 동구,서석동,2017070608,12.0,6.0,광주 동구 서남로 1
129,396105,396105,광주 동구,서석동,2017070610,11.0,11.0,광주 동구 서남로 1
131,396107,396107,광주 동구,서석동,2017070612,9.0,7.0,광주 동구 서남로 1
133,396109,396109,광주 동구,서석동,2017070614,12.0,9.0,광주 동구 서남로 1
135,396111,396111,광주 동구,서석동,2017070616,3.0,2.0,광주 동구 서남로 1
137,396113,396113,광주 동구,서석동,2017070618,3.0,1.0,광주 동구 서남로 1
139,396115,396115,광주 동구,서석동,2017070620,2.0,1.0,광주 동구 서남로 1
141,396117,396117,광주 동구,서석동,2017070622,9.0,2.0,광주 동구 서남로 1
143,396119,396119,광주 동구,서석동,2017070624,11.0,3.0,광주 동구 서남로 1
145,396121,396121,광주 동구,서석동,2017070702,7.0,2.0,광주 동구 서남로 1
147,396123,396123,광주 동구,서석동,2017070704,12.0,4.0,광주 동구 서남로 1
149,396125,396125,광주 동구,서석동,2017070706,6.0,1.0,광주 동구 서남로 1
151,396127,396127,광주 동구,서석동,2017070708,6.0,4.0,광주 동구 서남로 1
153,396129,396129,광주 동구,서석동,2017070710,3.0,2.0,광주 동구 서남로 1
155,396131,396131,광주 동구,서석동,2017070712,5.0,4.0,광주 동구 서남로 1
157,396133,396133,광주 동구,서석동,2017070714,4.0,1.0,광주 동구 서남로 1
159,396135,396135,광주 동구,서석동,2017070716,2.0,1.0,광주 동구 서남로 1
161,396137,396137,광주 동구,서석동,2017070718,5.0,1.0,광주 동구 서남로 1
163,396139,396139,광주 동구,서석동,2017070720,4.0,2.0,광주 동구 서남로 1
165,396141,396141,광주 동구,서석동,2017070722,6.0,1.0,광주 동구 서남로 1
167,396143,396143,광주 동구,서석동,2017070724,7.0,2.0,광주 동구 서남로 1
169,396145,396145,광주 동구,서석동,2017070802,9.0,3.0,광주 동구 서남로 1
171,396147,396147,광주 동구,서석동,2017070804,9.0,2.0,광주 동구 서남로 1
173,396149,396149,광주 동구,서석동,2017070806,8.0,6.0,광주 동구 서남로 1
175,396151,396151,광주 동구,서석동,2017070808,13.0,6.0,광주 동구 서남로 1
177,396153,396153,광주 동구,서석동,2017070810,6.0,1.0,광주 동구 서남로 1
179,396155,396155,광주 동구,서석동,2017070812,,,광주 동구 서남로 1
181,396157,396157,광주 동구,서석동,2017070814,1.0,1.0,광주 동구 서남로 1
183,396159,396159,광주 동구,서석동,2017070816,2.0,1.0,광주 동구 서남로 1
185,396161,396161,광주 동구,서석동,2017070818,14.0,13.0,광주 동구 서남로 1
187,396163,396163,광주 동구,서석동,2017070820,11.0,9.0,광주 동구 서남로 1
189,396165,396165,광주 동구,서석동,2017070822,9.0,7.0,광주 동구 서남로 1
191,396167,396167,광주 동구,서석동,2017070824,10.0,5.0,광주 동구 서남로 1
193,396169,396169,광주 동구,서석동,2017070902,15.0,7.0,광주 동구 서남로 1
195,396171,396171,광주 동구,서석동,2017070904,12.0,3.0,광주 동구 서남로 1
197,396173,396173,광주 동구,서석동,2017070906,7.0,2.0,광주 동구 서남로 1
199,396175,396175,광주 동구,서석동,2017070908,11.0,3.0,광주 동구 서남로 1
201,396177,396177,광주 동구,서석동,2017070910,16.0,4.0,광주 동구 서남로 1
203,396179,396179,광주 동구,서석동,2017070912,11.0,4.0,광주 동구 서남로 1
205,396181,396181,광주 동구,서석동,2017070914,6.0,5.0,광주 동구 서남로 1
207,396183,396183,광주 동구,서석동,2017070916,9.0,6.0,광주 동구 서남로 1
209,396185,396185,광주 동구,서석동,2017070918,15.0,8.0,광주 동구 서남로 1
211,396187,396187,광주 동구,서석동,2017070920,14.0,8.0,광주 동구 서남로 1
213,396189,396189,광주 동구,서석동,2017070922,12.0,7.0,광주 동구 서남로 1
215,396191,396191,광주 동구,서석동,2017070924,16.0,10.0,광주 동구 서남로 1
217,396193,396193,광주 동구,서석동,2017071002,10.0,8.0,광주 동구 서남로 1
219,396195,396195,광주 동구,서석동,2017071004,15.0,10.0,광주 동구 서남로 1
221,396197,396197,광주 동구,서석동,2017071006,17.0,10.0,광주 동구 서남로 1
223,396199,396199,광주 동구,서석동,2017071008,11.0,9.0,광주 동구 서남로 1
225,396201,396201,광주 동구,서석동,2017071010,16.0,8.0,광주 동구 서남로 1
227,396203,396203,광주 동구,서석동,2017071012,20.0,7.0,광주 동구 서남로 1
229,396205,396205,광주 동구,서석동,2017071014,17.0,11.0,광주 동구 서남로 1
231,396207,396207,광주 동구,서석동,2017071016,13.0,7.0,광주 동구 서남로 1
233,396209,396209,광주 동구,서석동,2017071018,15.0,7.0,광주 동구 서남로 1
235,396211,396211,광주 동구,서석동,2017071020,17.0,11.0,광주 동구 서남로 1
237,396213,396213,광주 동구,서석동,2017071022,18.0,8.0,광주 동구 서남로 1
239,396215,396215,광주 동구,서석동,2017071024,16.0,11.0,광주 동구 서남로 1
241,396217,396217,광주 동구,서석동,2017071102,12.0,6.0,광주 동구 서남로 1
243,396219,396219,광주 동구,서석동,2017071104,5.0,4.0,광주 동구 서남로 1
245,396221,396221,광주 동구,서석동,2017071106,9.0,6.0,광주 동구 서남로 1
247,396223,396223,광주 동구,서석동,2017071108,24.0,13.0,광주 동구 서남로 1
249,396225,396225,광주 동구,서석동,2017071110,23.0,15.0,광주 동구 서남로 1
251,396227,396227,광주 동구,서석동,2017071112,28.0,20.0,광주 동구 서남로 1
253,396229,396229,광주 동구,서석동,2017071114,31.0,25.0,광주 동구 서남로 1
255,396231,396231,광주 동구,서석동,2017071116,31.0,24.0,광주 동구 서남로 1
257,396233,396233,광주 동구,서석동,2017071118,33.0,23.0,광주 동구 서남로 1
259,396235,396235,광주 동구,서석동,2017071120,25.0,23.0,광주 동구 서남로 1
261,396237,396237,광주 동구,서석동,2017071122,16.0,12.0,광주 동구 서남로 1
263,396239,396239,광주 동구,서석동,2017071124,13.0,8.0,광주 동구 서남로 1
265,396241,396241,광주 동구,서석동,2017071202,9.0,7.0,광주 동구 서남로 1
267,396243,396243,광주 동구,서석동,2017071204,11.0,7.0,광주 동구 서남로 1
269,396245,396245,광주 동구,서석동,2017071206,17.0,9.0,광주 동구 서남로 1
271,396247,396247,광주 동구,서석동,2017071208,24.0,14.0,광주 동구 서남로 1
273,396249,396249,광주 동구,서석동,2017071210,33.0,26.0,광주 동구 서남로 1
275,396251,396251,광주 동구,서석동,2017071212,40.0,25.0,광주 동구 서남로 1
277,396253,396253,광주 동구,서석동,2017071214,36.0,27.0,광주 동구 서남로 1
279,396255,396255,광주 동구,서석동,2017071216,35.0,22.0,광주 동구 서남로 1
281,396257,396257,광주 동구,서석동,2017071218,25.0,17.0,광주 동구 서남로 1
283,396259,396259,광주 동구,서석동,2017071220,27.0,21.0,광주 동구 서남로 1
285,396261,396261,광주 동구,서석동,2017071222,20.0,17.0,광주 동구 서남로 1
287,396263,396263,광주 동구,서석동,2017071224,17.0,13.0,광주 동구 서남로 1
289,396265,396265,광주 동구,서석동,2017071302,20.0,18.0,광주 동구 서남로 1
291,396267,396267,광주 동구,서석동,2017071304,24.0,16.0,광주 동구 서남로 1
293,396269,396269,광주 동구,서석동,2017071306,25.0,23.0,광주 동구 서남로 1
295,396271,396271,광주 동구,서석동,2017071308,20.0,18.0,광주 동구 서남로 1
297,396273,396273,광주 동구,서석동,2017071310,25.0,20.0,광주 동구 서남로 1
299,396275,396275,광주 동구,서석동,2017071312,24.0,15.0,광주 동구 서남로 1
301,396277,396277,광주 동구,서석동,2017071314,22.0,12.0,광주 동구 서남로 1
303,396279,396279,광주 동구,서석동,2017071316,25.0,15.0,광주 동구 서남로 1
305,396281,396281,광주 동구,서석동,2017071318,24.0,10.0,광주 동구 서남로 1
307,396283,396283,광주 동구,서석동,2017071320,19.0,14.0,광주 동구 서남로 1
309,396285,396285,광주 동구,서석동,2017071322,22.0,14.0,광주 동구 서남로 1
311,396287,396287,광주 동구,서석동,2017071324,20.0,14.0,광주 동구 서남로 1
313,396289,396289,광주 동구,서석동,2017071402,21.0,16.0,광주 동구 서남로 1
315,396291,396291,광주 동구,서석동,2017071404,22.0,15.0,광주 동구 서남로 1
317,396293,396293,광주 동구,서석동,2017071406,21.0,19.0,광주 동구 서남로 1
319,396295,396295,광주 동구,서석동,2017071408,21.0,18.0,광주 동구 서남로 1
321,396297,396297,광주 동구,서석동,2017071410,17.0,8.0,광주 동구 서남로 1
323,396299,396299,광주 동구,서석동,2017071412,18.0,9.0,광주 동구 서남로 1
325,396301,396301,광주 동구,서석동,2017071414,11.0,9.0,광주 동구 서남로 1
327,396303,396303,광주 동구,서석동,2017071416,14.0,9.0,광주 동구 서남로 1
329,396305,396305,광주 동구,서석동,2017071418,12.0,7.0,광주 동구 서남로 1
331,396307,396307,광주 동구,서석동,2017071420,11.0,5.0,광주 동구 서남로 1
333,396309,396309,광주 동구,서석동,2017071422,7.0,3.0,광주 동구 서남로 1
335,396311,396311,광주 동구,서석동,2017071424,12.0,4.0,광주 동구 서남로 1
337,396313,396313,광주 동구,서석동,2017071502,21.0,11.0,광주 동구 서남로 1
339,396315,396315,광주 동구,서석동,2017071504,17.0,10.0,광주 동구 서남로 1
341,396317,396317,광주 동구,서석동,2017071506,22.0,12.0,광주 동구 서남로 1
343,396319,396319,광주 동구,서석동,2017071508,4.0,2.0,광주 동구 서남로 1
345,396321,396321,광주 동구,서석동,2017071510,3.0,1.0,광주 동구 서남로 1
347,396323,396323,광주 동구,서석동,2017071512,2.0,1.0,광주 동구 서남로 1
349,396325,396325,광주 동구,서석동,2017071514,3.0,1.0,광주 동구 서남로 1
351,396327,396327,광주 동구,서석동,2017071516,2.0,1.0,광주 동구 서남로 1
353,396329,396329,광주 동구,서석동,2017071518,3.0,1.0,광주 동구 서남로 1
355,396331,396331,광주 동구,서석동,2017071520,4.0,3.0,광주 동구 서남로 1
357,396333,396333,광주 동구,서석동,2017071522,12.0,2.0,광주 동구 서남로 1
359,396335,396335,광주 동구,서석동,2017071524,12.0,8.0,광주 동구 서남로 1
361,396337,396337,광주 동구,서석동,2017071602,7.0,2.0,광주 동구 서남로 1
363,396339,396339,광주 동구,서석동,2017071604,8.0,2.0,광주 동구 서남로 1
365,396341,396341,광주 동구,서석동,2017071606,5.0,4.0,광주 동구 서남로 1
367,396343,396343,광주 동구,서석동,2017071608,6.0,2.0,광주 동구 서남로 1
369,396345,396345,광주 동구,서석동,2017071610,4.0,3.0,광주 동구 서남로 1
371,396347,396347,광주 동구,서석동,2017071612,3.0,1.0,광주 동구 서남로 1
373,396349,396349,광주 동구,서석동,2017071614,2.0,1.0,광주 동구 서남로 1
375,396351,396351,광주 동구,서석동,2017071616,2.0,1.0,광주 동구 서남로 1
377,396353,396353,광주 동구,서석동,2017071618,2.0,1.0,광주 동구 서남로 1
379,396355,396355,광주 동구,서석동,2017071620,4.0,1.0,광주 동구 서남로 1
381,396357,396357,광주 동구,서석동,2017071622,10.0,1.0,광주 동구 서남로 1
383,396359,396359,광주 동구,서석동,2017071624,8.0,1.0,광주 동구 서남로 1
385,396361,396361,광주 동구,서석동,2017071702,7.0,1.0,광주 동구 서남로 1
387,396363,396363,광주 동구,서석동,2017071704,2.0,1.0,광주 동구 서남로 1
389,396365,396365,광주 동구,서석동,2017071706,7.0,1.0,광주 동구 서남로 1
391,396367,396367,광주 동구,서석동,2017071708,6.0,1.0,광주 동구 서남로 1
393,396369,396369,광주 동구,서석동,2017071710,7.0,1.0,광주 동구 서남로 1
395,396371,396371,광주 동구,서석동,2017071712,8.0,1.0,광주 동구 서남로 1
397,396373,396373,광주 동구,서석동,2017071714,10.0,4.0,광주 동구 서남로 1
399,396375,396375,광주 동구,서석동,2017071716,13.0,5.0,광주 동구 서남로 1
401,396377,396377,광주 동구,서석동,2017071718,3.0,1.0,광주 동구 서남로 1
403,396379,396379,광주 동구,서석동,2017071720,1.0,1.0,광주 동구 서남로 1
405,396381,396381,광주 동구,서석동,2017071722,7.0,2.0,광주 동구 서남로 1
407,396383,396383,광주 동구,서석동,2017071724,9.0,3.0,광주 동구 서남로 1
409,396385,396385,광주 동구,서석동,2017071802,5.0,1.0,광주 동구 서남로 1
411,396387,396387,광주 동구,서석동,2017071804,3.0,3.0,광주 동구 서남로 1
413,396389,396389,광주 동구,서석동,2017071806,3.0,1.0,광주 동구 서남로 1
415,396391,396391,광주 동구,서석동,2017071808,2.0,1.0,광주 동구 서남로 1
417,396393,396393,광주 동구,서석동,2017071810,2.0,1.0,광주 동구 서남로 1
419,396395,396395,광주 동구,서석동,2017071812,2.0,1.0,광주 동구 서남로 1
421,396397,396397,광주 동구,서석동,2017071814,6.0,1.0,광주 동구 서남로 1
423,396399,396399,광주 동구,서석동,2017071816,7.0,4.0,광주 동구 서남로 1
425,396401,396401,광주 동구,서석동,2017071818,6.0,1.0,광주 동구 서남로 1
427,396403,396403,광주 동구,서석동,2017071820,15.0,6.0,광주 동구 서남로 1
429,396405,396405,광주 동구,서석동,2017071822,13.0,11.0,광주 동구 서남로 1
431,396407,396407,광주 동구,서석동,2017071824,17.0,9.0,광주 동구 서남로 1
433,396409,396409,광주 동구,서석동,2017071902,22.0,8.0,광주 동구 서남로 1
435,396411,396411,광주 동구,서석동,2017071904,18.0,10.0,광주 동구 서남로 1
437,396413,396413,광주 동구,서석동,2017071906,21.0,11.0,광주 동구 서남로 1
439,396415,396415,광주 동구,서석동,2017071908,19.0,17.0,광주 동구 서남로 1
441,396417,396417,광주 동구,서석동,2017071910,23.0,18.0,광주 동구 서남로 1
443,396419,396419,광주 동구,서석동,2017071912,30.0,26.0,광주 동구 서남로 1
445,396421,396421,광주 동구,서석동,2017071914,31.0,20.0,광주 동구 서남로 1
447,396423,396423,광주 동구,서석동,2017071916,22.0,17.0,광주 동구 서남로 1
449,396425,396425,광주 동구,서석동,2017071918,23.0,17.0,광주 동구 서남로 1
451,396427,396427,광주 동구,서석동,2017071920,25.0,20.0,광주 동구 서남로 1
453,396429,396429,광주 동구,서석동,2017071922,26.0,20.0,광주 동구 서남로 1
455,396431,396431,광주 동구,서석동,2017071924,30.0,23.0,광주 동구 서남로 1
457,396433,396433,광주 동구,서석동,2017072002,30.0,22.0,광주 동구 서남로 1
459,396435,396435,광주 동구,서석동,2017072004,38.0,26.0,광주 동구 서남로 1
461,396437,396437,광주 동구,서석동,2017072006,38.0,29.0,광주 동구 서남로 1
463,396439,396439,광주 동구,서석동,2017072008,40.0,30.0,광주 동구 서남로 1
465,396441,396441,광주 동구,서석동,2017072010,41.0,30.0,광주 동구 서남로 1
467,396443,396443,광주 동구,서석동,2017072012,38.0,25.0,광주 동구 서남로 1
469,396445,396445,광주 동구,서석동,2017072014,43.0,34.0,광주 동구 서남로 1
471,396447,396447,광주 동구,서석동,2017072016,40.0,28.0,광주 동구 서남로 1
473,396449,396449,광주 동구,서석동,2017072018,37.0,27.0,광주 동구 서남로 1
475,396451,396451,광주 동구,서석동,2017072020,38.0,21.0,광주 동구 서남로 1
477,396453,396453,광주 동구,서석동,2017072022,33.0,20.0,광주 동구 서남로 1
479,396455,396455,광주 동구,서석동,2017072024,30.0,21.0,광주 동구 서남로 1
481,396457,396457,광주 동구,서석동,2017072102,30.0,23.0,광주 동구 서남로 1
483,396459,396459,광주 동구,서석동,2017072104,31.0,23.0,광주 동구 서남로 1
485,396461,396461,광주 동구,서석동,2017072106,30.0,21.0,광주 동구 서남로 1
487,396463,396463,광주 동구,서석동,2017072108,24.0,17.0,광주 동구 서남로 1
489,396465,396465,광주 동구,서석동,2017072110,26.0,14.0,광주 동구 서남로 1
491,396467,396467,광주 동구,서석동,2017072112,33.0,17.0,광주 동구 서남로 1
493,396469,396469,광주 동구,서석동,2017072114,26.0,17.0,광주 동구 서남로 1
495,396471,396471,광주 동구,서석동,2017072116,30.0,16.0,광주 동구 서남로 1
497,396473,396473,광주 동구,서석동,2017072118,30.0,18.0,광주 동구 서남로 1
499,396475,396475,광주 동구,서석동,2017072120,33.0,19.0,광주 동구 서남로 1
501,396477,396477,광주 동구,서석동,2017072122,25.0,14.0,광주 동구 서남로 1
503,396479,396479,광주 동구,서석동,2017072124,29.0,16.0,광주 동구 서남로 1
505,396481,396481,광주 동구,서석동,2017072202,24.0,15.0,광주 동구 서남로 1
507,396483,396483,광주 동구,서석동,2017072204,21.0,12.0,광주 동구 서남로 1
509,396485,396485,광주 동구,서석동,2017072206,24.0,15.0,광주 동구 서남로 1
511,396487,396487,광주 동구,서석동,2017072208,19.0,14.0,광주 동구 서남로 1
513,396489,396489,광주 동구,서석동,2017072210,18.0,16.0,광주 동구 서남로 1
515,396491,396491,광주 동구,서석동,2017072212,14.0,10.0,광주 동구 서남로 1
517,396493,396493,광주 동구,서석동,2017072214,14.0,7.0,광주 동구 서남로 1
519,396495,396495,광주 동구,서석동,2017072216,15.0,13.0,광주 동구 서남로 1
521,396497,396497,광주 동구,서석동,2017072218,20.0,12.0,광주 동구 서남로 1
523,396499,396499,광주 동구,서석동,2017072220,19.0,12.0,광주 동구 서남로 1
525,396501,396501,광주 동구,서석동,2017072222,26.0,16.0,광주 동구 서남로 1
527,396503,396503,광주 동구,서석동,2017072224,28.0,15.0,광주 동구 서남로 1
529,396505,396505,광주 동구,서석동,2017072302,22.0,17.0,광주 동구 서남로 1
531,396507,396507,광주 동구,서석동,2017072304,24.0,18.0,광주 동구 서남로 1
533,396509,396509,광주 동구,서석동,2017072306,15.0,14.0,광주 동구 서남로 1
535,396511,396511,광주 동구,서석동,2017072308,10.0,9.0,광주 동구 서남로 1
537,396513,396513,광주 동구,서석동,2017072310,20.0,9.0,광주 동구 서남로 1
539,396515,396515,광주 동구,서석동,2017072312,20.0,10.0,광주 동구 서남로 1
541,396517,396517,광주 동구,서석동,2017072314,24.0,16.0,광주 동구 서남로 1
543,396519,396519,광주 동구,서석동,2017072316,26.0,20.0,광주 동구 서남로 1
545,396521,396521,광주 동구,서석동,2017072318,31.0,20.0,광주 동구 서남로 1
547,396523,396523,광주 동구,서석동,2017072320,25.0,18.0,광주 동구 서남로 1
549,396525,396525,광주 동구,서석동,2017072322,18.0,15.0,광주 동구 서남로 1
551,396527,396527,광주 동구,서석동,2017072324,23.0,15.0,광주 동구 서남로 1
553,396529,396529,광주 동구,서석동,2017072402,24.0,11.0,광주 동구 서남로 1
555,396531,396531,광주 동구,서석동,2017072404,17.0,15.0,광주 동구 서남로 1
557,396533,396533,광주 동구,서석동,2017072406,26.0,16.0,광주 동구 서남로 1
559,396535,396535,광주 동구,서석동,2017072408,36.0,18.0,광주 동구 서남로 1
561,396537,396537,광주 동구,서석동,2017072410,32.0,30.0,광주 동구 서남로 1
563,396539,396539,광주 동구,서석동,2017072412,41.0,37.0,광주 동구 서남로 1
565,396541,396541,광주 동구,서석동,2017072414,40.0,33.0,광주 동구 서남로 1
567,396543,396543,광주 동구,서석동,2017072416,41.0,27.0,광주 동구 서남로 1
569,396545,396545,광주 동구,서석동,2017072418,43.0,31.0,광주 동구 서남로 1
571,396547,396547,광주 동구,서석동,2017072420,41.0,33.0,광주 동구 서남로 1
573,396549,396549,광주 동구,서석동,2017072422,50.0,37.0,광주 동구 서남로 1
575,396551,396551,광주 동구,서석동,2017072424,50.0,40.0,광주 동구 서남로 1
577,396553,396553,광주 동구,서석동,2017072502,44.0,29.0,광주 동구 서남로 1
579,396555,396555,광주 동구,서석동,2017072504,42.0,30.0,광주 동구 서남로 1
581,396557,396557,광주 동구,서석동,2017072506,33.0,27.0,광주 동구 서남로 1
583,396559,396559,광주 동구,서석동,2017072508,38.0,25.0,광주 동구 서남로 1
585,396561,396561,광주 동구,서석동,2017072510,45.0,37.0,광주 동구 서남로 1
587,396563,396563,광주 동구,서석동,2017072512,24.0,20.0,광주 동구 서남로 1
589,396565,396565,광주 동구,서석동,2017072514,20.0,13.0,광주 동구 서남로 1
591,396567,396567,광주 동구,서석동,2017072516,11.0,1.0,광주 동구 서남로 1
593,396569,396569,광주 동구,서석동,2017072518,10.0,1.0,광주 동구 서남로 1
595,396571,396571,광주 동구,서석동,2017072520,18.0,3.0,광주 동구 서남로 1
597,396573,396573,광주 동구,서석동,2017072522,24.0,10.0,광주 동구 서남로 1
599,396575,396575,광주 동구,서석동,2017072524,23.0,14.0,광주 동구 서남로 1
601,396577,396577,광주 동구,서석동,2017072602,11.0,3.0,광주 동구 서남로 1
603,396579,396579,광주 동구,서석동,2017072604,5.0,1.0,광주 동구 서남로 1
605,396581,396581,광주 동구,서석동,2017072606,3.0,1.0,광주 동구 서남로 1
607,396583,396583,광주 동구,서석동,2017072608,1.0,1.0,광주 동구 서남로 1
609,396585,396585,광주 동구,서석동,2017072610,4.0,1.0,광주 동구 서남로 1
611,396587,396587,광주 동구,서석동,2017072612,2.0,1.0,광주 동구 서남로 1
613,396589,396589,광주 동구,서석동,2017072614,2.0,1.0,광주 동구 서남로 1
615,396591,396591,광주 동구,서석동,2017072616,2.0,1.0,광주 동구 서남로 1
617,396593,396593,광주 동구,서석동,2017072618,7.0,1.0,광주 동구 서남로 1
619,396595,396595,광주 동구,서석동,2017072620,17.0,4.0,광주 동구 서남로 1
621,396597,396597,광주 동구,서석동,2017072622,28.0,11.0,광주 동구 서남로 1
623,396599,396599,광주 동구,서석동,2017072624,22.0,8.0,광주 동구 서남로 1
625,396601,396601,광주 동구,서석동,2017072702,27.0,8.0,광주 동구 서남로 1
627,396603,396603,광주 동구,서석동,2017072704,22.0,10.0,광주 동구 서남로 1
629,396605,396605,광주 동구,서석동,2017072706,16.0,8.0,광주 동구 서남로 1
631,396607,396607,광주 동구,서석동,2017072708,14.0,8.0,광주 동구 서남로 1
633,396609,396609,광주 동구,서석동,2017072710,29.0,10.0,광주 동구 서남로 1
635,396611,396611,광주 동구,서석동,2017072712,21.0,11.0,광주 동구 서남로 1
637,396613,396613,광주 동구,서석동,2017072714,14.0,3.0,광주 동구 서남로 1
639,396615,396615,광주 동구,서석동,2017072716,15.0,4.0,광주 동구 서남로 1
641,396617,396617,광주 동구,서석동,2017072718,22.0,6.0,광주 동구 서남로 1
643,396619,396619,광주 동구,서석동,2017072720,26.0,9.0,광주 동구 서남로 1
645,396621,396621,광주 동구,서석동,2017072722,19.0,8.0,광주 동구 서남로 1
647,396623,396623,광주 동구,서석동,2017072724,20.0,7.0,광주 동구 서남로 1
649,396625,396625,광주 동구,서석동,2017072802,19.0,4.0,광주 동구 서남로 1
651,396627,396627,광주 동구,서석동,2017072804,15.0,8.0,광주 동구 서남로 1
653,396629,396629,광주 동구,서석동,2017072806,14.0,9.0,광주 동구 서남로 1
655,396631,396631,광주 동구,서석동,2017072808,18.0,6.0,광주 동구 서남로 1
657,396633,396633,광주 동구,서석동,2017072810,23.0,7.0,광주 동구 서남로 1
659,396635,396635,광주 동구,서석동,2017072812,26.0,14.0,광주 동구 서남로 1
661,396637,396637,광주 동구,서석동,2017072814,30.0,15.0,광주 동구 서남로 1
663,396639,396639,광주 동구,서석동,2017072816,28.0,10.0,광주 동구 서남로 1
665,396641,396641,광주 동구,서석동,2017072818,26.0,12.0,광주 동구 서남로 1
667,396643,396643,광주 동구,서석동,2017072820,22.0,8.0,광주 동구 서남로 1
669,396645,396645,광주 동구,서석동,2017072822,22.0,12.0,광주 동구 서남로 1
671,396647,396647,광주 동구,서석동,2017072824,20.0,10.0,광주 동구 서남로 1
673,396649,396649,광주 동구,서석동,2017072902,21.0,9.0,광주 동구 서남로 1
675,396651,396651,광주 동구,서석동,2017072904,24.0,9.0,광주 동구 서남로 1
677,396653,396653,광주 동구,서석동,2017072906,22.0,10.0,광주 동구 서남로 1
679,396655,396655,광주 동구,서석동,2017072908,21.0,12.0,광주 동구 서남로 1
681,396657,396657,광주 동구,서석동,2017072910,21.0,12.0,광주 동구 서남로 1
683,396659,396659,광주 동구,서석동,2017072912,20.0,10.0,광주 동구 서남로 1
685,396661,396661,광주 동구,서석동,2017072914,20.0,11.0,광주 동구 서남로 1
687,396663,396663,광주 동구,서석동,2017072916,12.0,5.0,광주 동구 서남로 1
689,396665,396665,광주 동구,서석동,2017072918,25.0,9.0,광주 동구 서남로 1
691,396667,396667,광주 동구,서석동,2017072920,28.0,13.0,광주 동구 서남로 1
693,396669,396669,광주 동구,서석동,2017072922,30.0,21.0,광주 동구 서남로 1
695,396671,396671,광주 동구,서석동,2017072924,21.0,11.0,광주 동구 서남로 1
697,396673,396673,광주 동구,서석동,2017073002,22.0,7.0,광주 동구 서남로 1
699,396675,396675,광주 동구,서석동,2017073004,20.0,8.0,광주 동구 서남로 1
701,396677,396677,광주 동구,서석동,2017073006,20.0,6.0,광주 동구 서남로 1
703,396679,396679,광주 동구,서석동,2017073008,18.0,6.0,광주 동구 서남로 1
705,396681,396681,광주 동구,서석동,2017073010,25.0,15.0,광주 동구 서남로 1
707,396683,396683,광주 동구,서석동,2017073012,21.0,13.0,광주 동구 서남로 1
709,396685,396685,광주 동구,서석동,2017073014,30.0,10.0,광주 동구 서남로 1
711,396687,396687,광주 동구,서석동,2017073016,27.0,12.0,광주 동구 서남로 1
713,396689,396689,광주 동구,서석동,2017073018,23.0,12.0,광주 동구 서남로 1
715,396691,396691,광주 동구,서석동,2017073020,7.0,1.0,광주 동구 서남로 1
717,396693,396693,광주 동구,서석동,2017073022,9.0,3.0,광주 동구 서남로 1
719,396695,396695,광주 동구,서석동,2017073024,14.0,4.0,광주 동구 서남로 1
721,396697,396697,광주 동구,서석동,2017073102,16.0,11.0,광주 동구 서남로 1
723,396699,396699,광주 동구,서석동,2017073104,19.0,12.0,광주 동구 서남로 1
725,396701,396701,광주 동구,서석동,2017073106,29.0,17.0,광주 동구 서남로 1
727,396703,396703,광주 동구,서석동,2017073108,24.0,19.0,광주 동구 서남로 1
729,396705,396705,광주 동구,서석동,2017073110,35.0,25.0,광주 동구 서남로 1
731,396707,396707,광주 동구,서석동,2017073112,30.0,24.0,광주 동구 서남로 1
733,396709,396709,광주 동구,서석동,2017073114,40.0,25.0,광주 동구 서남로 1
735,396711,396711,광주 동구,서석동,2017073116,42.0,31.0,광주 동구 서남로 1
737,396713,396713,광주 동구,서석동,2017073118,38.0,27.0,광주 동구 서남로 1
739,396715,396715,광주 동구,서석동,2017073120,6.0,2.0,광주 동구 서남로 1
741,396717,396717,광주 동구,서석동,2017073122,1.0,1.0,광주 동구 서남로 1
743,396719,396719,광주 동구,서석동,2017073124,7.0,3.0,광주 동구 서남로 1
745,396721,396721,광주 동구,서석동,2017080102,14.0,3.0,광주 동구 서남로 1
747,396723,396723,광주 동구,서석동,2017080104,9.0,4.0,광주 동구 서남로 1
749,396725,396725,광주 동구,서석동,2017080106,13.0,4.0,광주 동구 서남로 1
751,396727,396727,광주 동구,서석동,2017080108,26.0,8.0,광주 동구 서남로 1
753,396729,396729,광주 동구,서석동,2017080110,28.0,13.0,광주 동구 서남로 1
755,396731,396731,광주 동구,서석동,2017080112,16.0,9.0,광주 동구 서남로 1
757,396733,396733,광주 동구,서석동,2017080114,12.0,11.0,광주 동구 서남로 1
759,396735,396735,광주 동구,서석동,2017080116,18.0,11.0,광주 동구 서남로 1
761,396737,396737,광주 동구,서석동,2017080118,18.0,6.0,광주 동구 서남로 1
763,396739,396739,광주 동구,서석동,2017080120,19.0,8.0,광주 동구 서남로 1
765,396741,396741,광주 동구,서석동,2017080122,12.0,5.0,광주 동구 서남로 1
767,396743,396743,광주 동구,서석동,2017080124,10.0,1.0,광주 동구 서남로 1
769,396745,396745,광주 동구,서석동,2017080202,19.0,3.0,광주 동구 서남로 1
771,396747,396747,광주 동구,서석동,2017080204,17.0,7.0,광주 동구 서남로 1
773,396749,396749,광주 동구,서석동,2017080206,20.0,5.0,광주 동구 서남로 1
775,396751,396751,광주 동구,서석동,2017080208,17.0,4.0,광주 동구 서남로 1
777,396753,396753,광주 동구,서석동,2017080210,17.0,9.0,광주 동구 서남로 1
779,396755,396755,광주 동구,서석동,2017080212,40.0,21.0,광주 동구 서남로 1
781,396757,396757,광주 동구,서석동,2017080214,48.0,27.0,광주 동구 서남로 1
783,396759,396759,광주 동구,서석동,2017080216,26.0,20.0,광주 동구 서남로 1
785,396761,396761,광주 동구,서석동,2017080218,28.0,19.0,광주 동구 서남로 1
787,396763,396763,광주 동구,서석동,2017080220,21.0,12.0,광주 동구 서남로 1
789,396765,396765,광주 동구,서석동,2017080222,29.0,16.0,광주 동구 서남로 1
791,396767,396767,광주 동구,서석동,2017080224,25.0,12.0,광주 동구 서남로 1
793,396769,396769,광주 동구,서석동,2017080302,30.0,17.0,광주 동구 서남로 1
795,396771,396771,광주 동구,서석동,2017080304,24.0,13.0,광주 동구 서남로 1
797,396773,396773,광주 동구,서석동,2017080306,29.0,12.0,광주 동구 서남로 1
799,396775,396775,광주 동구,서석동,2017080308,31.0,16.0,광주 동구 서남로 1
801,396777,396777,광주 동구,서석동,2017080310,32.0,11.0,광주 동구 서남로 1
803,396779,396779,광주 동구,서석동,2017080312,6.0,2.0,광주 동구 서남로 1
805,396781,396781,광주 동구,서석동,2017080314,18.0,6.0,광주 동구 서남로 1
807,396783,396783,광주 동구,서석동,2017080316,22.0,13.0,광주 동구 서남로 1
809,396785,396785,광주 동구,서석동,2017080318,21.0,12.0,광주 동구 서남로 1
811,396787,396787,광주 동구,서석동,2017080320,20.0,9.0,광주 동구 서남로 1
813,396789,396789,광주 동구,서석동,2017080322,18.0,9.0,광주 동구 서남로 1
815,396791,396791,광주 동구,서석동,2017080324,17.0,3.0,광주 동구 서남로 1
817,396793,396793,광주 동구,서석동,2017080402,13.0,4.0,광주 동구 서남로 1
819,396795,396795,광주 동구,서석동,2017080404,16.0,9.0,광주 동구 서남로 1
821,396797,396797,광주 동구,서석동,2017080406,20.0,6.0,광주 동구 서남로 1
823,396799,396799,광주 동구,서석동,2017080408,23.0,6.0,광주 동구 서남로 1
825,396801,396801,광주 동구,서석동,2017080410,13.0,5.0,광주 동구 서남로 1
827,396803,396803,광주 동구,서석동,2017080412,9.0,1.0,광주 동구 서남로 1
829,396805,396805,광주 동구,서석동,2017080414,17.0,6.0,광주 동구 서남로 1
831,396807,396807,광주 동구,서석동,2017080416,11.0,4.0,광주 동구 서남로 1
833,396809,396809,광주 동구,서석동,2017080418,14.0,1.0,광주 동구 서남로 1
835,396811,396811,광주 동구,서석동,2017080420,18.0,12.0,광주 동구 서남로 1
837,396813,396813,광주 동구,서석동,2017080422,26.0,9.0,광주 동구 서남로 1
839,396815,396815,광주 동구,서석동,2017080424,18.0,8.0,광주 동구 서남로 1
841,396817,396817,광주 동구,서석동,2017080502,14.0,2.0,광주 동구 서남로 1
843,396819,396819,광주 동구,서석동,2017080504,8.0,1.0,광주 동구 서남로 1
845,396821,396821,광주 동구,서석동,2017080506,13.0,1.0,광주 동구 서남로 1
847,396823,396823,광주 동구,서석동,2017080508,12.0,3.0,광주 동구 서남로 1
849,396825,396825,광주 동구,서석동,2017080510,10.0,2.0,광주 동구 서남로 1
851,396827,396827,광주 동구,서석동,2017080512,6.0,1.0,광주 동구 서남로 1
853,396829,396829,광주 동구,서석동,2017080514,6.0,2.0,광주 동구 서남로 1
855,396831,396831,광주 동구,서석동,2017080516,1.0,1.0,광주 동구 서남로 1
857,396833,396833,광주 동구,서석동,2017080518,8.0,3.0,광주 동구 서남로 1
859,396835,396835,광주 동구,서석동,2017080520,11.0,4.0,광주 동구 서남로 1
861,396837,396837,광주 동구,서석동,2017080522,17.0,1.0,광주 동구 서남로 1
863,396839,396839,광주 동구,서석동,2017080524,7.0,2.0,광주 동구 서남로 1
865,396841,396841,광주 동구,서석동,2017080602,11.0,1.0,광주 동구 서남로 1
867,396843,396843,광주 동구,서석동,2017080604,13.0,1.0,광주 동구 서남로 1
869,396845,396845,광주 동구,서석동,2017080606,14.0,1.0,광주 동구 서남로 1
871,396847,396847,광주 동구,서석동,2017080608,10.0,1.0,광주 동구 서남로 1
873,396849,396849,광주 동구,서석동,2017080610,10.0,3.0,광주 동구 서남로 1
875,396851,396851,광주 동구,서석동,2017080612,6.0,4.0,광주 동구 서남로 1
877,396853,396853,광주 동구,서석동,2017080614,4.0,1.0,광주 동구 서남로 1
879,396855,396855,광주 동구,서석동,2017080616,4.0,2.0,광주 동구 서남로 1
881,396857,396857,광주 동구,서석동,2017080618,10.0,5.0,광주 동구 서남로 1
883,396859,396859,광주 동구,서석동,2017080620,20.0,5.0,광주 동구 서남로 1
885,396861,396861,광주 동구,서석동,2017080622,4.0,1.0,광주 동구 서남로 1
887,396863,396863,광주 동구,서석동,2017080624,7.0,3.0,광주 동구 서남로 1
889,396865,396865,광주 동구,서석동,2017080702,11.0,1.0,광주 동구 서남로 1
891,396867,396867,광주 동구,서석동,2017080704,15.0,3.0,광주 동구 서남로 1
893,396869,396869,광주 동구,서석동,2017080706,23.0,2.0,광주 동구 서남로 1
895,396871,396871,광주 동구,서석동,2017080708,27.0,4.0,광주 동구 서남로 1
897,396873,396873,광주 동구,서석동,2017080710,12.0,4.0,광주 동구 서남로 1
899,396875,396875,광주 동구,서석동,2017080712,16.0,4.0,광주 동구 서남로 1
901,396877,396877,광주 동구,서석동,2017080714,19.0,6.0,광주 동구 서남로 1
903,396879,396879,광주 동구,서석동,2017080716,,,광주 동구 서남로 1
905,396881,396881,광주 동구,서석동,2017080718,,,광주 동구 서남로 1
907,396883,396883,광주 동구,서석동,2017080720,,,광주 동구 서남로 1
909,396885,396885,광주 동구,서석동,2017080722,,,광주 동구 서남로 1
911,396887,396887,광주 동구,서석동,2017080724,,,광주 동구 서남로 1
913,396889,396889,광주 동구,서석동,2017080802,,,광주 동구 서남로 1
915,396891,396891,광주 동구,서석동,2017080804,,,광주 동구 서남로 1
917,396893,396893,광주 동구,서석동,2017080806,,,광주 동구 서남로 1
919,396895,396895,광주 동구,서석동,2017080808,,,광주 동구 서남로 1
921,396897,396897,광주 동구,서석동,2017080810,,,광주 동구 서남로 1
923,396899,396899,광주 동구,서석동,2017080812,,,광주 동구 서남로 1
925,396901,396901,광주 동구,서석동,2017080814,,,광주 동구 서남로 1
927,396903,396903,광주 동구,서석동,2017080816,,,광주 동구 서남로 1
929,396905,396905,광주 동구,서석동,2017080818,41.0,,광주 동구 서남로 1
931,396907,396907,광주 동구,서석동,2017080820,36.0,19.0,광주 동구 서남로 1
933,396909,396909,광주 동구,서석동,2017080822,37.0,22.0,광주 동구 서남로 1
935,396911,396911,광주 동구,서석동,2017080824,29.0,24.0,광주 동구 서남로 1
937,396913,396913,광주 동구,서석동,2017080902,29.0,22.0,광주 동구 서남로 1
939,396915,396915,광주 동구,서석동,2017080904,19.0,14.0,광주 동구 서남로 1
941,396917,396917,광주 동구,서석동,2017080906,20.0,13.0,광주 동구 서남로 1
943,396919,396919,광주 동구,서석동,2017080908,24.0,18.0,광주 동구 서남로 1
945,396921,396921,광주 동구,서석동,2017080910,19.0,13.0,광주 동구 서남로 1
947,396923,396923,광주 동구,서석동,2017080912,13.0,11.0,광주 동구 서남로 1
949,396925,396925,광주 동구,서석동,2017080914,11.0,9.0,광주 동구 서남로 1
951,396927,396927,광주 동구,서석동,2017080916,16.0,8.0,광주 동구 서남로 1
953,396929,396929,광주 동구,서석동,2017080918,19.0,11.0,광주 동구 서남로 1
955,396931,396931,광주 동구,서석동,2017080920,18.0,16.0,광주 동구 서남로 1
957,396933,396933,광주 동구,서석동,2017080922,22.0,15.0,광주 동구 서남로 1
959,396935,396935,광주 동구,서석동,2017080924,26.0,19.0,광주 동구 서남로 1
961,396937,396937,광주 동구,서석동,2017081002,33.0,26.0,광주 동구 서남로 1
963,396939,396939,광주 동구,서석동,2017081004,52.0,38.0,광주 동구 서남로 1
965,396941,396941,광주 동구,서석동,2017081006,56.0,46.0,광주 동구 서남로 1
967,396943,396943,광주 동구,서석동,2017081008,52.0,38.0,광주 동구 서남로 1
969,396945,396945,광주 동구,서석동,2017081010,48.0,37.0,광주 동구 서남로 1
971,396947,396947,광주 동구,서석동,2017081012,41.0,29.0,광주 동구 서남로 1
973,396949,396949,광주 동구,서석동,2017081014,41.0,29.0,광주 동구 서남로 1
975,396951,396951,광주 동구,서석동,2017081016,34.0,26.0,광주 동구 서남로 1
977,396953,396953,광주 동구,서석동,2017081018,37.0,28.0,광주 동구 서남로 1
979,396955,396955,광주 동구,서석동,2017081020,38.0,31.0,광주 동구 서남로 1
981,396957,396957,광주 동구,서석동,2017081022,39.0,32.0,광주 동구 서남로 1
983,396959,396959,광주 동구,서석동,2017081024,35.0,29.0,광주 동구 서남로 1
985,396961,396961,광주 동구,서석동,2017081102,37.0,31.0,광주 동구 서남로 1
987,396963,396963,광주 동구,서석동,2017081104,41.0,31.0,광주 동구 서남로 1
989,396965,396965,광주 동구,서석동,2017081106,37.0,26.0,광주 동구 서남로 1
991,396967,396967,광주 동구,서석동,2017081108,37.0,29.0,광주 동구 서남로 1
993,396969,396969,광주 동구,서석동,2017081110,49.0,37.0,광주 동구 서남로 1
995,396971,396971,광주 동구,서석동,2017081112,40.0,31.0,광주 동구 서남로 1
997,396973,396973,광주 동구,서석동,2017081114,33.0,26.0,광주 동구 서남로 1
999,396975,396975,광주 동구,서석동,2017081116,34.0,18.0,광주 동구 서남로 1
1001,396977,396977,광주 동구,서석동,2017081118,32.0,22.0,광주 동구 서남로 1
1003,396979,396979,광주 동구,서석동,2017081120,41.0,19.0,광주 동구 서남로 1
1005,396981,396981,광주 동구,서석동,2017081122,28.0,25.0,광주 동구 서남로 1
1007,396983,396983,광주 동구,서석동,2017081124,26.0,20.0,광주 동구 서남로 1
1009,396985,396985,광주 동구,서석동,2017081202,30.0,21.0,광주 동구 서남로 1
1011,396987,396987,광주 동구,서석동,2017081204,27.0,14.0,광주 동구 서남로 1
1013,396989,396989,광주 동구,서석동,2017081206,29.0,22.0,광주 동구 서남로 1
1015,396991,396991,광주 동구,서석동,2017081208,30.0,19.0,광주 동구 서남로 1
1017,396993,396993,광주 동구,서석동,2017081210,33.0,23.0,광주 동구 서남로 1
1019,396995,396995,광주 동구,서석동,2017081212,26.0,14.0,광주 동구 서남로 1
1021,396997,396997,광주 동구,서석동,2017081214,24.0,17.0,광주 동구 서남로 1
1023,396999,396999,광주 동구,서석동,2017081216,29.0,23.0,광주 동구 서남로 1
1025,397001,397001,광주 동구,서석동,2017081218,34.0,19.0,광주 동구 서남로 1
1027,397003,397003,광주 동구,서석동,2017081220,30.0,24.0,광주 동구 서남로 1
1029,397005,397005,광주 동구,서석동,2017081222,23.0,15.0,광주 동구 서남로 1
1031,397007,397007,광주 동구,서석동,2017081224,19.0,11.0,광주 동구 서남로 1
1033,397009,397009,광주 동구,서석동,2017081302,19.0,13.0,광주 동구 서남로 1
1035,397011,397011,광주 동구,서석동,2017081304,25.0,15.0,광주 동구 서남로 1
1037,397013,397013,광주 동구,서석동,2017081306,20.0,18.0,광주 동구 서남로 1
1039,397015,397015,광주 동구,서석동,2017081308,25.0,13.0,광주 동구 서남로 1
1041,397017,397017,광주 동구,서석동,2017081310,16.0,10.0,광주 동구 서남로 1
1043,397019,397019,광주 동구,서석동,2017081312,21.0,11.0,광주 동구 서남로 1
1045,397021,397021,광주 동구,서석동,2017081314,21.0,12.0,광주 동구 서남로 1
1047,397023,397023,광주 동구,서석동,2017081316,16.0,14.0,광주 동구 서남로 1
1049,397025,397025,광주 동구,서석동,2017081318,19.0,13.0,광주 동구 서남로 1
1051,397027,397027,광주 동구,서석동,2017081320,13.0,10.0,광주 동구 서남로 1
1053,397029,397029,광주 동구,서석동,2017081322,19.0,11.0,광주 동구 서남로 1
1055,397031,397031,광주 동구,서석동,2017081324,12.0,11.0,광주 동구 서남로 1
1057,397033,397033,광주 동구,서석동,2017081402,11.0,10.0,광주 동구 서남로 1
1059,397035,397035,광주 동구,서석동,2017081404,21.0,12.0,광주 동구 서남로 1
1061,397037,397037,광주 동구,서석동,2017081406,22.0,12.0,광주 동구 서남로 1
1063,397039,397039,광주 동구,서석동,2017081408,11.0,9.0,광주 동구 서남로 1
1065,397041,397041,광주 동구,서석동,2017081410,14.0,7.0,광주 동구 서남로 1
1067,397043,397043,광주 동구,서석동,2017081412,12.0,7.0,광주 동구 서남로 1
1069,397045,397045,광주 동구,서석동,2017081414,10.0,7.0,광주 동구 서남로 1
1071,397047,397047,광주 동구,서석동,2017081416,12.0,10.0,광주 동구 서남로 1
1073,397049,397049,광주 동구,서석동,2017081418,8.0,6.0,광주 동구 서남로 1
1075,397051,397051,광주 동구,서석동,2017081420,8.0,6.0,광주 동구 서남로 1
1077,397053,397053,광주 동구,서석동,2017081422,9.0,3.0,광주 동구 서남로 1
1079,397055,397055,광주 동구,서석동,2017081424,6.0,2.0,광주 동구 서남로 1
1081,397057,397057,광주 동구,서석동,2017081502,5.0,2.0,광주 동구 서남로 1
1083,397059,397059,광주 동구,서석동,2017081504,7.0,3.0,광주 동구 서남로 1
1085,397061,397061,광주 동구,서석동,2017081506,9.0,6.0,광주 동구 서남로 1
1087,397063,397063,광주 동구,서석동,2017081508,10.0,8.0,광주 동구 서남로 1
1089,397065,397065,광주 동구,서석동,2017081510,10.0,8.0,광주 동구 서남로 1
1091,397067,397067,광주 동구,서석동,2017081512,22.0,13.0,광주 동구 서남로 1
1093,397069,397069,광주 동구,서석동,2017081514,19.0,14.0,광주 동구 서남로 1
1095,397071,397071,광주 동구,서석동,2017081516,23.0,15.0,광주 동구 서남로 1
1097,397073,397073,광주 동구,서석동,2017081518,20.0,15.0,광주 동구 서남로 1
1099,397075,397075,광주 동구,서석동,2017081520,27.0,23.0,광주 동구 서남로 1
1101,397077,397077,광주 동구,서석동,2017081522,26.0,15.0,광주 동구 서남로 1
1103,397079,397079,광주 동구,서석동,2017081524,19.0,10.0,광주 동구 서남로 1
1105,397081,397081,광주 동구,서석동,2017081602,20.0,9.0,광주 동구 서남로 1
1107,397083,397083,광주 동구,서석동,2017081604,19.0,14.0,광주 동구 서남로 1
1109,397085,397085,광주 동구,서석동,2017081606,21.0,15.0,광주 동구 서남로 1
1111,397087,397087,광주 동구,서석동,2017081608,19.0,7.0,광주 동구 서남로 1
1113,397089,397089,광주 동구,서석동,2017081610,20.0,12.0,광주 동구 서남로 1
1115,397091,397091,광주 동구,서석동,2017081612,14.0,13.0,광주 동구 서남로 1
1117,397093,397093,광주 동구,서석동,2017081614,18.0,9.0,광주 동구 서남로 1
1119,397095,397095,광주 동구,서석동,2017081616,16.0,11.0,광주 동구 서남로 1
1121,397097,397097,광주 동구,서석동,2017081618,7.0,7.0,광주 동구 서남로 1
1123,397099,397099,광주 동구,서석동,2017081620,13.0,6.0,광주 동구 서남로 1
1125,397101,397101,광주 동구,서석동,2017081622,16.0,7.0,광주 동구 서남로 1
1127,397103,397103,광주 동구,서석동,2017081624,16.0,9.0,광주 동구 서남로 1
1129,397105,397105,광주 동구,서석동,2017081702,15.0,8.0,광주 동구 서남로 1
1131,397107,397107,광주 동구,서석동,2017081704,16.0,6.0,광주 동구 서남로 1
1133,397109,397109,광주 동구,서석동,2017081706,15.0,7.0,광주 동구 서남로 1
1135,397111,397111,광주 동구,서석동,2017081708,20.0,9.0,광주 동구 서남로 1
1137,397113,397113,광주 동구,서석동,2017081710,19.0,9.0,광주 동구 서남로 1
1139,397115,397115,광주 동구,서석동,2017081712,21.0,11.0,광주 동구 서남로 1
1141,397117,397117,광주 동구,서석동,2017081714,12.0,12.0,광주 동구 서남로 1
1143,397119,397119,광주 동구,서석동,2017081716,17.0,13.0,광주 동구 서남로 1
1145,397121,397121,광주 동구,서석동,2017081718,19.0,9.0,광주 동구 서남로 1
1147,397123,397123,광주 동구,서석동,2017081720,12.0,11.0,광주 동구 서남로 1
1149,397125,397125,광주 동구,서석동,2017081722,14.0,13.0,광주 동구 서남로 1
1151,397127,397127,광주 동구,서석동,2017081724,20.0,11.0,광주 동구 서남로 1
1153,397129,397129,광주 동구,서석동,2017081802,20.0,14.0,광주 동구 서남로 1
1155,397131,397131,광주 동구,서석동,2017081804,21.0,12.0,광주 동구 서남로 1
1157,397133,397133,광주 동구,서석동,2017081806,21.0,11.0,광주 동구 서남로 1
1159,397135,397135,광주 동구,서석동,2017081808,27.0,22.0,광주 동구 서남로 1
1161,397137,397137,광주 동구,서석동,2017081810,35.0,19.0,광주 동구 서남로 1
1163,397139,397139,광주 동구,서석동,2017081812,40.0,27.0,광주 동구 서남로 1
1165,397141,397141,광주 동구,서석동,2017081814,28.0,23.0,광주 동구 서남로 1
1167,397143,397143,광주 동구,서석동,2017081816,36.0,27.0,광주 동구 서남로 1
1169,397145,397145,광주 동구,서석동,2017081818,30.0,25.0,광주 동구 서남로 1
1171,397147,397147,광주 동구,서석동,2017081820,31.0,23.0,광주 동구 서남로 1
1173,397149,397149,광주 동구,서석동,2017081822,33.0,24.0,광주 동구 서남로 1
1175,397151,397151,광주 동구,서석동,2017081824,31.0,24.0,광주 동구 서남로 1
1177,397153,397153,광주 동구,서석동,2017081902,29.0,23.0,광주 동구 서남로 1
1179,397155,397155,광주 동구,서석동,2017081904,33.0,19.0,광주 동구 서남로 1
1181,397157,397157,광주 동구,서석동,2017081906,35.0,23.0,광주 동구 서남로 1
1183,397159,397159,광주 동구,서석동,2017081908,38.0,20.0,광주 동구 서남로 1
1185,397161,397161,광주 동구,서석동,2017081910,38.0,23.0,광주 동구 서남로 1
1187,397163,397163,광주 동구,서석동,2017081912,28.0,21.0,광주 동구 서남로 1
1189,397165,397165,광주 동구,서석동,2017081914,36.0,30.0,광주 동구 서남로 1
1191,397167,397167,광주 동구,서석동,2017081916,28.0,21.0,광주 동구 서남로 1
1193,397169,397169,광주 동구,서석동,2017081918,28.0,21.0,광주 동구 서남로 1
1195,397171,397171,광주 동구,서석동,2017081920,21.0,19.0,광주 동구 서남로 1
1197,397173,397173,광주 동구,서석동,2017081922,23.0,21.0,광주 동구 서남로 1
1199,397175,397175,광주 동구,서석동,2017081924,21.0,16.0,광주 동구 서남로 1
1201,397177,397177,광주 동구,서석동,2017082002,17.0,16.0,광주 동구 서남로 1
1203,397179,397179,광주 동구,서석동,2017082004,21.0,17.0,광주 동구 서남로 1
1205,397181,397181,광주 동구,서석동,2017082006,15.0,14.0,광주 동구 서남로 1
1207,397183,397183,광주 동구,서석동,2017082008,15.0,14.0,광주 동구 서남로 1
1209,397185,397185,광주 동구,서석동,2017082010,18.0,11.0,광주 동구 서남로 1
1211,397187,397187,광주 동구,서석동,2017082012,14.0,13.0,광주 동구 서남로 1
1213,397189,397189,광주 동구,서석동,2017082014,17.0,14.0,광주 동구 서남로 1
1215,397191,397191,광주 동구,서석동,2017082016,10.0,6.0,광주 동구 서남로 1
1217,397193,397193,광주 동구,서석동,2017082018,9.0,8.0,광주 동구 서남로 1
1219,397195,397195,광주 동구,서석동,2017082020,13.0,12.0,광주 동구 서남로 1
1221,397197,397197,광주 동구,서석동,2017082022,14.0,10.0,광주 동구 서남로 1
1223,397199,397199,광주 동구,서석동,2017082024,17.0,9.0,광주 동구 서남로 1
1225,397201,397201,광주 동구,서석동,2017082102,9.0,8.0,광주 동구 서남로 1
1227,397203,397203,광주 동구,서석동,2017082104,12.0,9.0,광주 동구 서남로 1
1229,397205,397205,광주 동구,서석동,2017082106,11.0,7.0,광주 동구 서남로 1
1231,397207,397207,광주 동구,서석동,2017082108,12.0,9.0,광주 동구 서남로 1
1233,397209,397209,광주 동구,서석동,2017082110,12.0,10.0,광주 동구 서남로 1
1235,397211,397211,광주 동구,서석동,2017082112,17.0,13.0,광주 동구 서남로 1
1237,397213,397213,광주 동구,서석동,2017082114,17.0,15.0,광주 동구 서남로 1
1239,397215,397215,광주 동구,서석동,2017082116,12.0,9.0,광주 동구 서남로 1
1241,397217,397217,광주 동구,서석동,2017082118,5.0,,광주 동구 서남로 1
1243,397219,397219,광주 동구,서석동,2017082120,9.0,,광주 동구 서남로 1
1245,397221,397221,광주 동구,서석동,2017082122,14.0,,광주 동구 서남로 1
1247,397223,397223,광주 동구,서석동,2017082124,15.0,,광주 동구 서남로 1
1249,397225,397225,광주 동구,서석동,2017082202,8.0,,광주 동구 서남로 1
1251,397227,397227,광주 동구,서석동,2017082204,5.0,,광주 동구 서남로 1
1253,397229,397229,광주 동구,서석동,2017082206,12.0,,광주 동구 서남로 1
1255,397231,397231,광주 동구,서석동,2017082208,12.0,,광주 동구 서남로 1
1257,397233,397233,광주 동구,서석동,2017082210,11.0,,광주 동구 서남로 1
1259,397235,397235,광주 동구,서석동,2017082212,11.0,,광주 동구 서남로 1
1261,397237,397237,광주 동구,서석동,2017082214,6.0,,광주 동구 서남로 1
1263,397239,397239,광주 동구,서석동,2017082216,1.0,,광주 동구 서남로 1
1265,397241,397241,광주 동구,서석동,2017082218,11.0,,광주 동구 서남로 1
1267,397243,397243,광주 동구,서석동,2017082220,4.0,,광주 동구 서남로 1
1269,397245,397245,광주 동구,서석동,2017082222,6.0,,광주 동구 서남로 1
1271,397247,397247,광주 동구,서석동,2017082224,18.0,,광주 동구 서남로 1
1273,397249,397249,광주 동구,서석동,2017082302,12.0,,광주 동구 서남로 1
1275,397251,397251,광주 동구,서석동,2017082304,16.0,,광주 동구 서남로 1
1277,397253,397253,광주 동구,서석동,2017082306,17.0,,광주 동구 서남로 1
1279,397255,397255,광주 동구,서석동,2017082308,16.0,,광주 동구 서남로 1
1281,397257,397257,광주 동구,서석동,2017082310,17.0,,광주 동구 서남로 1
1283,397259,397259,광주 동구,서석동,2017082312,13.0,,광주 동구 서남로 1
1285,397261,397261,광주 동구,서석동,2017082314,9.0,,광주 동구 서남로 1
1287,397263,397263,광주 동구,서석동,2017082316,15.0,,광주 동구 서남로 1
1289,397265,397265,광주 동구,서석동,2017082318,16.0,,광주 동구 서남로 1
1291,397267,397267,광주 동구,서석동,2017082320,16.0,,광주 동구 서남로 1
1293,397269,397269,광주 동구,서석동,2017082322,9.0,,광주 동구 서남로 1
1295,397271,397271,광주 동구,서석동,2017082324,13.0,,광주 동구 서남로 1
1297,397273,397273,광주 동구,서석동,2017082402,14.0,,광주 동구 서남로 1
1299,397275,397275,광주 동구,서석동,2017082404,12.0,,광주 동구 서남로 1
1301,397277,397277,광주 동구,서석동,2017082406,13.0,,광주 동구 서남로 1
1303,397279,397279,광주 동구,서석동,2017082408,16.0,,광주 동구 서남로 1
1305,397281,397281,광주 동구,서석동,2017082410,19.0,,광주 동구 서남로 1
1307,397283,397283,광주 동구,서석동,2017082412,14.0,4.0,광주 동구 서남로 1
1309,397285,397285,광주 동구,서석동,2017082414,14.0,3.0,광주 동구 서남로 1
1311,397287,397287,광주 동구,서석동,2017082416,11.0,3.0,광주 동구 서남로 1
1313,397289,397289,광주 동구,서석동,2017082418,11.0,7.0,광주 동구 서남로 1
1315,397291,397291,광주 동구,서석동,2017082420,17.0,5.0,광주 동구 서남로 1
1317,397293,397293,광주 동구,서석동,2017082422,18.0,6.0,광주 동구 서남로 1
1319,397295,397295,광주 동구,서석동,2017082424,20.0,6.0,광주 동구 서남로 1
1321,397297,397297,광주 동구,서석동,2017082502,22.0,6.0,광주 동구 서남로 1
1323,397299,397299,광주 동구,서석동,2017082504,24.0,11.0,광주 동구 서남로 1
1325,397301,397301,광주 동구,서석동,2017082506,8.0,5.0,광주 동구 서남로 1
1327,397303,397303,광주 동구,서석동,2017082508,4.0,1.0,광주 동구 서남로 1
1329,397305,397305,광주 동구,서석동,2017082510,5.0,4.0,광주 동구 서남로 1
1331,397307,397307,광주 동구,서석동,2017082512,21.0,15.0,광주 동구 서남로 1
1333,397309,397309,광주 동구,서석동,2017082514,12.0,11.0,광주 동구 서남로 1
1335,397311,397311,광주 동구,서석동,2017082516,19.0,9.0,광주 동구 서남로 1
1337,397313,397313,광주 동구,서석동,2017082518,27.0,17.0,광주 동구 서남로 1
1339,397315,397315,광주 동구,서석동,2017082520,23.0,14.0,광주 동구 서남로 1
1341,397317,397317,광주 동구,서석동,2017082522,28.0,14.0,광주 동구 서남로 1
1343,397319,397319,광주 동구,서석동,2017082524,28.0,18.0,광주 동구 서남로 1
1345,397321,397321,광주 동구,서석동,2017082602,25.0,15.0,광주 동구 서남로 1
1347,397323,397323,광주 동구,서석동,2017082604,24.0,17.0,광주 동구 서남로 1
1349,397325,397325,광주 동구,서석동,2017082606,36.0,22.0,광주 동구 서남로 1
1351,397327,397327,광주 동구,서석동,2017082608,31.0,22.0,광주 동구 서남로 1
1353,397329,397329,광주 동구,서석동,2017082610,29.0,19.0,광주 동구 서남로 1
1355,397331,397331,광주 동구,서석동,2017082612,26.0,11.0,광주 동구 서남로 1
1357,397333,397333,광주 동구,서석동,2017082614,20.0,9.0,광주 동구 서남로 1
1359,397335,397335,광주 동구,서석동,2017082616,19.0,8.0,광주 동구 서남로 1
1361,397337,397337,광주 동구,서석동,2017082618,21.0,8.0,광주 동구 서남로 1
1363,397339,397339,광주 동구,서석동,2017082620,31.0,13.0,광주 동구 서남로 1
1365,397341,397341,광주 동구,서석동,2017082622,30.0,18.0,광주 동구 서남로 1
1367,397343,397343,광주 동구,서석동,2017082624,34.0,16.0,광주 동구 서남로 1
1369,397345,397345,광주 동구,서석동,2017082702,28.0,10.0,광주 동구 서남로 1
1371,397347,397347,광주 동구,서석동,2017082704,23.0,12.0,광주 동구 서남로 1
1373,397349,397349,광주 동구,서석동,2017082706,26.0,14.0,광주 동구 서남로 1
1375,397351,397351,광주 동구,서석동,2017082708,23.0,12.0,광주 동구 서남로 1
1377,397353,397353,광주 동구,서석동,2017082710,27.0,14.0,광주 동구 서남로 1
1379,397355,397355,광주 동구,서석동,2017082712,27.0,15.0,광주 동구 서남로 1
1381,397357,397357,광주 동구,서석동,2017082714,25.0,15.0,광주 동구 서남로 1
1383,397359,397359,광주 동구,서석동,2017082716,27.0,14.0,광주 동구 서남로 1
1385,397361,397361,광주 동구,서석동,2017082718,23.0,17.0,광주 동구 서남로 1
1387,397363,397363,광주 동구,서석동,2017082720,32.0,18.0,광주 동구 서남로 1
1389,397365,397365,광주 동구,서석동,2017082722,31.0,22.0,광주 동구 서남로 1
1391,397367,397367,광주 동구,서석동,2017082724,31.0,24.0,광주 동구 서남로 1
1393,397369,397369,광주 동구,서석동,2017082802,32.0,19.0,광주 동구 서남로 1
1395,397371,397371,광주 동구,서석동,2017082804,29.0,26.0,광주 동구 서남로 1
1397,397373,397373,광주 동구,서석동,2017082806,32.0,16.0,광주 동구 서남로 1
1399,397375,397375,광주 동구,서석동,2017082808,36.0,23.0,광주 동구 서남로 1
1401,397377,397377,광주 동구,서석동,2017082810,38.0,21.0,광주 동구 서남로 1
1403,397379,397379,광주 동구,서석동,2017082812,29.0,19.0,광주 동구 서남로 1
1405,397381,397381,광주 동구,서석동,2017082814,34.0,22.0,광주 동구 서남로 1
1407,397383,397383,광주 동구,서석동,2017082816,31.0,18.0,광주 동구 서남로 1
1409,397385,397385,광주 동구,서석동,2017082818,31.0,18.0,광주 동구 서남로 1
1411,397387,397387,광주 동구,서석동,2017082820,29.0,17.0,광주 동구 서남로 1
1413,397389,397389,광주 동구,서석동,2017082822,24.0,17.0,광주 동구 서남로 1
1415,397391,397391,광주 동구,서석동,2017082824,14.0,14.0,광주 동구 서남로 1
1417,397393,397393,광주 동구,서석동,2017082902,17.0,9.0,광주 동구 서남로 1
1419,397395,397395,광주 동구,서석동,2017082904,15.0,10.0,광주 동구 서남로 1
1421,397397,397397,광주 동구,서석동,2017082906,27.0,22.0,광주 동구 서남로 1
1423,397399,397399,광주 동구,서석동,2017082908,21.0,16.0,광주 동구 서남로 1
1425,397401,397401,광주 동구,서석동,2017082910,25.0,14.0,광주 동구 서남로 1
1427,397403,397403,광주 동구,서석동,2017082912,30.0,13.0,광주 동구 서남로 1
1429,397405,397405,광주 동구,서석동,2017082914,27.0,13.0,광주 동구 서남로 1
1431,397407,397407,광주 동구,서석동,2017082916,16.0,11.0,광주 동구 서남로 1
1433,397409,397409,광주 동구,서석동,2017082918,26.0,15.0,광주 동구 서남로 1
1435,397411,397411,광주 동구,서석동,2017082920,28.0,15.0,광주 동구 서남로 1
1437,397413,397413,광주 동구,서석동,2017082922,34.0,15.0,광주 동구 서남로 1
1439,397415,397415,광주 동구,서석동,2017082924,26.0,17.0,광주 동구 서남로 1
1441,397417,397417,광주 동구,서석동,2017083002,31.0,13.0,광주 동구 서남로 1
1443,397419,397419,광주 동구,서석동,2017083004,28.0,17.0,광주 동구 서남로 1
1445,397421,397421,광주 동구,서석동,2017083006,27.0,12.0,광주 동구 서남로 1
1447,397423,397423,광주 동구,서석동,2017083008,36.0,16.0,광주 동구 서남로 1
1449,397425,397425,광주 동구,서석동,2017083010,37.0,17.0,광주 동구 서남로 1
1451,397427,397427,광주 동구,서석동,2017083012,27.0,14.0,광주 동구 서남로 1
1453,397429,397429,광주 동구,서석동,2017083014,28.0,14.0,광주 동구 서남로 1
1455,397431,397431,광주 동구,서석동,2017083016,28.0,16.0,광주 동구 서남로 1
1457,397433,397433,광주 동구,서석동,2017083018,29.0,13.0,광주 동구 서남로 1
1459,397435,397435,광주 동구,서석동,2017083020,30.0,19.0,광주 동구 서남로 1
1461,397437,397437,광주 동구,서석동,2017083022,31.0,21.0,광주 동구 서남로 1
1463,397439,397439,광주 동구,서석동,2017083024,34.0,19.0,광주 동구 서남로 1
1465,397441,397441,광주 동구,서석동,2017083102,32.0,18.0,광주 동구 서남로 1
1467,397443,397443,광주 동구,서석동,2017083104,34.0,21.0,광주 동구 서남로 1
1469,397445,397445,광주 동구,서석동,2017083106,39.0,26.0,광주 동구 서남로 1
1471,397447,397447,광주 동구,서석동,2017083108,43.0,28.0,광주 동구 서남로 1
1473,397449,397449,광주 동구,서석동,2017083110,49.0,17.0,광주 동구 서남로 1
1475,397451,397451,광주 동구,서석동,2017083112,39.0,20.0,광주 동구 서남로 1
1477,397453,397453,광주 동구,서석동,2017083114,34.0,24.0,광주 동구 서남로 1
1479,397455,397455,광주 동구,서석동,2017083116,35.0,19.0,광주 동구 서남로 1
1481,397457,397457,광주 동구,서석동,2017083118,37.0,21.0,광주 동구 서남로 1
1483,397459,397459,광주 동구,서석동,2017083120,41.0,32.0,광주 동구 서남로 1
1485,397461,397461,광주 동구,서석동,2017083122,54.0,32.0,광주 동구 서남로 1
1487,397463,397463,광주 동구,서석동,2017083124,54.0,32.0,광주 동구 서남로 1
1489,397465,397465,광주 동구,서석동,2017090102,61.0,37.0,광주 동구 서남로 1
1491,397467,397467,광주 동구,서석동,2017090104,42.0,31.0,광주 동구 서남로 1
1493,397469,397469,광주 동구,서석동,2017090106,37.0,27.0,광주 동구 서남로 1
1495,397471,397471,광주 동구,서석동,2017090108,43.0,32.0,광주 동구 서남로 1
1497,397473,397473,광주 동구,서석동,2017090110,46.0,31.0,광주 동구 서남로 1
1499,397475,397475,광주 동구,서석동,2017090112,34.0,21.0,광주 동구 서남로 1
1501,397477,397477,광주 동구,서석동,2017090114,33.0,21.0,광주 동구 서남로 1
1503,397479,397479,광주 동구,서석동,2017090116,31.0,19.0,광주 동구 서남로 1
1505,397481,397481,광주 동구,서석동,2017090118,21.0,13.0,광주 동구 서남로 1
1507,397483,397483,광주 동구,서석동,2017090120,24.0,15.0,광주 동구 서남로 1
1509,397485,397485,광주 동구,서석동,2017090122,27.0,17.0,광주 동구 서남로 1
1511,397487,397487,광주 동구,서석동,2017090124,26.0,14.0,광주 동구 서남로 1
1513,397489,397489,광주 동구,서석동,2017090202,28.0,17.0,광주 동구 서남로 1
1515,397491,397491,광주 동구,서석동,2017090204,26.0,20.0,광주 동구 서남로 1
1517,397493,397493,광주 동구,서석동,2017090206,24.0,19.0,광주 동구 서남로 1
1519,397495,397495,광주 동구,서석동,2017090208,26.0,20.0,광주 동구 서남로 1
1521,397497,397497,광주 동구,서석동,2017090210,31.0,22.0,광주 동구 서남로 1
1523,397499,397499,광주 동구,서석동,2017090212,37.0,21.0,광주 동구 서남로 1
1525,397501,397501,광주 동구,서석동,2017090214,22.0,16.0,광주 동구 서남로 1
1527,397503,397503,광주 동구,서석동,2017090216,21.0,13.0,광주 동구 서남로 1
1529,397505,397505,광주 동구,서석동,2017090218,21.0,14.0,광주 동구 서남로 1
1531,397507,397507,광주 동구,서석동,2017090220,23.0,16.0,광주 동구 서남로 1
1533,397509,397509,광주 동구,서석동,2017090222,23.0,13.0,광주 동구 서남로 1
1535,397511,397511,광주 동구,서석동,2017090224,18.0,17.0,광주 동구 서남로 1
1537,397513,397513,광주 동구,서석동,2017090302,19.0,14.0,광주 동구 서남로 1
1539,397515,397515,광주 동구,서석동,2017090304,18.0,12.0,광주 동구 서남로 1
1541,397517,397517,광주 동구,서석동,2017090306,23.0,14.0,광주 동구 서남로 1
1543,397519,397519,광주 동구,서석동,2017090308,15.0,13.0,광주 동구 서남로 1
1545,397521,397521,광주 동구,서석동,2017090310,25.0,18.0,광주 동구 서남로 1
1547,397523,397523,광주 동구,서석동,2017090312,21.0,13.0,광주 동구 서남로 1
1549,397525,397525,광주 동구,서석동,2017090314,12.0,10.0,광주 동구 서남로 1
1551,397527,397527,광주 동구,서석동,2017090316,13.0,11.0,광주 동구 서남로 1
1553,397529,397529,광주 동구,서석동,2017090318,14.0,11.0,광주 동구 서남로 1
1555,397531,397531,광주 동구,서석동,2017090320,23.0,14.0,광주 동구 서남로 1
1557,397533,397533,광주 동구,서석동,2017090322,23.0,19.0,광주 동구 서남로 1
1559,397535,397535,광주 동구,서석동,2017090324,24.0,16.0,광주 동구 서남로 1
1561,397537,397537,광주 동구,서석동,2017090402,14.0,11.0,광주 동구 서남로 1
1563,397539,397539,광주 동구,서석동,2017090404,18.0,11.0,광주 동구 서남로 1
1565,397541,397541,광주 동구,서석동,2017090406,18.0,16.0,광주 동구 서남로 1
1567,397543,397543,광주 동구,서석동,2017090408,23.0,15.0,광주 동구 서남로 1
1569,397545,397545,광주 동구,서석동,2017090410,29.0,18.0,광주 동구 서남로 1
1571,397547,397547,광주 동구,서석동,2017090412,21.0,14.0,광주 동구 서남로 1
1573,397549,397549,광주 동구,서석동,2017090414,15.0,10.0,광주 동구 서남로 1
1575,397551,397551,광주 동구,서석동,2017090416,17.0,12.0,광주 동구 서남로 1
1577,397553,397553,광주 동구,서석동,2017090418,23.0,12.0,광주 동구 서남로 1
1579,397555,397555,광주 동구,서석동,2017090420,18.0,11.0,광주 동구 서남로 1
1581,397557,397557,광주 동구,서석동,2017090422,24.0,18.0,광주 동구 서남로 1
1583,397559,397559,광주 동구,서석동,2017090424,23.0,13.0,광주 동구 서남로 1
1585,397561,397561,광주 동구,서석동,2017090502,21.0,16.0,광주 동구 서남로 1
1587,397563,397563,광주 동구,서석동,2017090504,23.0,18.0,광주 동구 서남로 1
1589,397565,397565,광주 동구,서석동,2017090506,20.0,19.0,광주 동구 서남로 1
1591,397567,397567,광주 동구,서석동,2017090508,26.0,18.0,광주 동구 서남로 1
1593,397569,397569,광주 동구,서석동,2017090510,32.0,18.0,광주 동구 서남로 1
1595,397571,397571,광주 동구,서석동,2017090512,29.0,26.0,광주 동구 서남로 1
1597,397573,397573,광주 동구,서석동,2017090514,29.0,21.0,광주 동구 서남로 1
1599,397575,397575,광주 동구,서석동,2017090516,27.0,26.0,광주 동구 서남로 1
1601,397577,397577,광주 동구,서석동,2017090518,29.0,22.0,광주 동구 서남로 1
1603,397579,397579,광주 동구,서석동,2017090520,34.0,26.0,광주 동구 서남로 1
1605,397581,397581,광주 동구,서석동,2017090522,30.0,25.0,광주 동구 서남로 1
1607,397583,397583,광주 동구,서석동,2017090524,28.0,23.0,광주 동구 서남로 1
1609,397585,397585,광주 동구,서석동,2017090602,30.0,27.0,광주 동구 서남로 1
1611,397587,397587,광주 동구,서석동,2017090604,22.0,18.0,광주 동구 서남로 1
1613,397589,397589,광주 동구,서석동,2017090606,13.0,11.0,광주 동구 서남로 1
1615,397591,397591,광주 동구,서석동,2017090608,12.0,9.0,광주 동구 서남로 1
1617,397593,397593,광주 동구,서석동,2017090610,15.0,13.0,광주 동구 서남로 1
1619,397595,397595,광주 동구,서석동,2017090612,15.0,9.0,광주 동구 서남로 1
1621,397597,397597,광주 동구,서석동,2017090614,13.0,9.0,광주 동구 서남로 1
1623,397599,397599,광주 동구,서석동,2017090616,17.0,13.0,광주 동구 서남로 1
1625,397601,397601,광주 동구,서석동,2017090618,20.0,11.0,광주 동구 서남로 1
1627,397603,397603,광주 동구,서석동,2017090620,11.0,8.0,광주 동구 서남로 1
1629,397605,397605,광주 동구,서석동,2017090622,18.0,15.0,광주 동구 서남로 1
1631,397607,397607,광주 동구,서석동,2017090624,9.0,7.0,광주 동구 서남로 1
1633,397609,397609,광주 동구,서석동,2017090702,16.0,10.0,광주 동구 서남로 1
1635,397611,397611,광주 동구,서석동,2017090704,13.0,11.0,광주 동구 서남로 1
1637,397613,397613,광주 동구,서석동,2017090706,17.0,15.0,광주 동구 서남로 1
1639,397615,397615,광주 동구,서석동,2017090708,21.0,16.0,광주 동구 서남로 1
1641,397617,397617,광주 동구,서석동,2017090710,40.0,29.0,광주 동구 서남로 1
1643,397619,397619,광주 동구,서석동,2017090712,28.0,25.0,광주 동구 서남로 1
1645,397621,397621,광주 동구,서석동,2017090714,36.0,31.0,광주 동구 서남로 1
1647,397623,397623,광주 동구,서석동,2017090716,44.0,32.0,광주 동구 서남로 1
1649,397625,397625,광주 동구,서석동,2017090718,47.0,36.0,광주 동구 서남로 1
1651,397627,397627,광주 동구,서석동,2017090720,50.0,35.0,광주 동구 서남로 1
1653,397629,397629,광주 동구,서석동,2017090722,48.0,36.0,광주 동구 서남로 1
1655,397631,397631,광주 동구,서석동,2017090724,53.0,38.0,광주 동구 서남로 1
1657,397633,397633,광주 동구,서석동,2017090802,48.0,35.0,광주 동구 서남로 1
1659,397635,397635,광주 동구,서석동,2017090804,45.0,40.0,광주 동구 서남로 1
1661,397637,397637,광주 동구,서석동,2017090806,48.0,37.0,광주 동구 서남로 1
1663,397639,397639,광주 동구,서석동,2017090808,55.0,42.0,광주 동구 서남로 1
1665,397641,397641,광주 동구,서석동,2017090810,57.0,46.0,광주 동구 서남로 1
1667,397643,397643,광주 동구,서석동,2017090812,64.0,43.0,광주 동구 서남로 1
1669,397645,397645,광주 동구,서석동,2017090814,40.0,32.0,광주 동구 서남로 1
1671,397647,397647,광주 동구,서석동,2017090816,27.0,27.0,광주 동구 서남로 1
1673,397649,397649,광주 동구,서석동,2017090818,30.0,27.0,광주 동구 서남로 1
1675,397651,397651,광주 동구,서석동,2017090820,44.0,29.0,광주 동구 서남로 1
1677,397653,397653,광주 동구,서석동,2017090822,41.0,34.0,광주 동구 서남로 1
1679,397655,397655,광주 동구,서석동,2017090824,43.0,32.0,광주 동구 서남로 1
1681,397657,397657,광주 동구,서석동,2017090902,38.0,27.0,광주 동구 서남로 1
1683,397659,397659,광주 동구,서석동,2017090904,42.0,35.0,광주 동구 서남로 1
1685,397661,397661,광주 동구,서석동,2017090906,50.0,37.0,광주 동구 서남로 1
1687,397663,397663,광주 동구,서석동,2017090908,46.0,41.0,광주 동구 서남로 1
1689,397665,397665,광주 동구,서석동,2017090910,62.0,46.0,광주 동구 서남로 1
1691,397667,397667,광주 동구,서석동,2017090912,58.0,49.0,광주 동구 서남로 1
1693,397669,397669,광주 동구,서석동,2017090914,45.0,40.0,광주 동구 서남로 1
1695,397671,397671,광주 동구,서석동,2017090916,42.0,32.0,광주 동구 서남로 1
1697,397673,397673,광주 동구,서석동,2017090918,45.0,42.0,광주 동구 서남로 1
1699,397675,397675,광주 동구,서석동,2017090920,47.0,34.0,광주 동구 서남로 1
1701,397677,397677,광주 동구,서석동,2017090922,47.0,40.0,광주 동구 서남로 1
1703,397679,397679,광주 동구,서석동,2017090924,50.0,44.0,광주 동구 서남로 1
1705,397681,397681,광주 동구,서석동,2017091002,54.0,42.0,광주 동구 서남로 1
1707,397683,397683,광주 동구,서석동,2017091004,49.0,43.0,광주 동구 서남로 1
1709,397685,397685,광주 동구,서석동,2017091006,49.0,43.0,광주 동구 서남로 1
1711,397687,397687,광주 동구,서석동,2017091008,53.0,43.0,광주 동구 서남로 1
1713,397689,397689,광주 동구,서석동,2017091010,55.0,48.0,광주 동구 서남로 1
1715,397691,397691,광주 동구,서석동,2017091012,49.0,43.0,광주 동구 서남로 1
1717,397693,397693,광주 동구,서석동,2017091014,38.0,36.0,광주 동구 서남로 1
1719,397695,397695,광주 동구,서석동,2017091016,44.0,34.0,광주 동구 서남로 1
1721,397697,397697,광주 동구,서석동,2017091018,47.0,37.0,광주 동구 서남로 1
1723,397699,397699,광주 동구,서석동,2017091020,26.0,22.0,광주 동구 서남로 1
1725,397701,397701,광주 동구,서석동,2017091022,26.0,17.0,광주 동구 서남로 1
1727,397703,397703,광주 동구,서석동,2017091024,30.0,25.0,광주 동구 서남로 1
1729,397705,397705,광주 동구,서석동,2017091102,23.0,24.0,광주 동구 서남로 1
1731,397707,397707,광주 동구,서석동,2017091104,24.0,22.0,광주 동구 서남로 1
1733,397709,397709,광주 동구,서석동,2017091106,21.0,23.0,광주 동구 서남로 1
1735,397711,397711,광주 동구,서석동,2017091108,16.0,19.0,광주 동구 서남로 1
1737,397713,397713,광주 동구,서석동,2017091110,12.0,14.0,광주 동구 서남로 1
1739,397715,397715,광주 동구,서석동,2017091112,8.0,7.0,광주 동구 서남로 1
1741,397717,397717,광주 동구,서석동,2017091114,9.0,11.0,광주 동구 서남로 1
1743,397719,397719,광주 동구,서석동,2017091116,,,광주 동구 서남로 1
1745,397721,397721,광주 동구,서석동,2017091118,,,광주 동구 서남로 1
1747,397723,397723,광주 동구,서석동,2017091120,,,광주 동구 서남로 1
1749,397725,397725,광주 동구,서석동,2017091122,,,광주 동구 서남로 1
1751,397727,397727,광주 동구,서석동,2017091124,,,광주 동구 서남로 1
1753,397729,397729,광주 동구,서석동,2017091202,,,광주 동구 서남로 1
1755,397731,397731,광주 동구,서석동,2017091204,,,광주 동구 서남로 1
1757,397733,397733,광주 동구,서석동,2017091206,,,광주 동구 서남로 1
1759,397735,397735,광주 동구,서석동,2017091208,,,광주 동구 서남로 1
1761,397737,397737,광주 동구,서석동,2017091210,,,광주 동구 서남로 1
1763,397739,397739,광주 동구,서석동,2017091212,,,광주 동구 서남로 1
1765,397741,397741,광주 동구,서석동,2017091214,44.0,39.0,광주 동구 서남로 1
1767,397743,397743,광주 동구,서석동,2017091216,41.0,36.0,광주 동구 서남로 1
1769,397745,397745,광주 동구,서석동,2017091218,40.0,40.0,광주 동구 서남로 1
1771,397747,397747,광주 동구,서석동,2017091220,44.0,43.0,광주 동구 서남로 1
1773,397749,397749,광주 동구,서석동,2017091222,32.0,30.0,광주 동구 서남로 1
1775,397751,397751,광주 동구,서석동,2017091224,30.0,26.0,광주 동구 서남로 1
1777,397753,397753,광주 동구,서석동,2017091302,29.0,24.0,광주 동구 서남로 1
1779,397755,397755,광주 동구,서석동,2017091304,26.0,23.0,광주 동구 서남로 1
1781,397757,397757,광주 동구,서석동,2017091306,28.0,22.0,광주 동구 서남로 1
1783,397759,397759,광주 동구,서석동,2017091308,32.0,26.0,광주 동구 서남로 1
1785,397761,397761,광주 동구,서석동,2017091310,32.0,28.0,광주 동구 서남로 1
1787,397763,397763,광주 동구,서석동,2017091312,30.0,29.0,광주 동구 서남로 1
1789,397765,397765,광주 동구,서석동,2017091314,34.0,26.0,광주 동구 서남로 1
1791,397767,397767,광주 동구,서석동,2017091316,31.0,24.0,광주 동구 서남로 1
1793,397769,397769,광주 동구,서석동,2017091318,28.0,18.0,광주 동구 서남로 1
1795,397771,397771,광주 동구,서석동,2017091320,29.0,16.0,광주 동구 서남로 1
1797,397773,397773,광주 동구,서석동,2017091322,31.0,23.0,광주 동구 서남로 1
1799,397775,397775,광주 동구,서석동,2017091324,29.0,19.0,광주 동구 서남로 1
1801,397777,397777,광주 동구,서석동,2017091402,30.0,23.0,광주 동구 서남로 1
1803,397779,397779,광주 동구,서석동,2017091404,26.0,19.0,광주 동구 서남로 1
1805,397781,397781,광주 동구,서석동,2017091406,31.0,18.0,광주 동구 서남로 1
1807,397783,397783,광주 동구,서석동,2017091408,27.0,19.0,광주 동구 서남로 1
1809,397785,397785,광주 동구,서석동,2017091410,41.0,24.0,광주 동구 서남로 1
1811,397787,397787,광주 동구,서석동,2017091412,39.0,22.0,광주 동구 서남로 1
1813,397789,397789,광주 동구,서석동,2017091414,27.0,12.0,광주 동구 서남로 1
1815,397791,397791,광주 동구,서석동,2017091416,24.0,16.0,광주 동구 서남로 1
1817,397793,397793,광주 동구,서석동,2017091418,20.0,17.0,광주 동구 서남로 1
1819,397795,397795,광주 동구,서석동,2017091420,28.0,17.0,광주 동구 서남로 1
1821,397797,397797,광주 동구,서석동,2017091422,31.0,17.0,광주 동구 서남로 1
1823,397799,397799,광주 동구,서석동,2017091424,34.0,20.0,광주 동구 서남로 1
1825,397801,397801,광주 동구,서석동,2017091502,31.0,23.0,광주 동구 서남로 1
1827,397803,397803,광주 동구,서석동,2017091504,33.0,20.0,광주 동구 서남로 1
1829,397805,397805,광주 동구,서석동,2017091506,24.0,17.0,광주 동구 서남로 1
1831,397807,397807,광주 동구,서석동,2017091508,28.0,16.0,광주 동구 서남로 1
1833,397809,397809,광주 동구,서석동,2017091510,25.0,11.0,광주 동구 서남로 1
1835,397811,397811,광주 동구,서석동,2017091512,27.0,12.0,광주 동구 서남로 1
1837,397813,397813,광주 동구,서석동,2017091514,19.0,10.0,광주 동구 서남로 1
1839,397815,397815,광주 동구,서석동,2017091516,20.0,11.0,광주 동구 서남로 1
1841,397817,397817,광주 동구,서석동,2017091518,18.0,11.0,광주 동구 서남로 1
1843,397819,397819,광주 동구,서석동,2017091520,24.0,13.0,광주 동구 서남로 1
1845,397821,397821,광주 동구,서석동,2017091522,28.0,13.0,광주 동구 서남로 1
1847,397823,397823,광주 동구,서석동,2017091524,28.0,14.0,광주 동구 서남로 1
1849,397825,397825,광주 동구,서석동,2017091602,24.0,12.0,광주 동구 서남로 1
1851,397827,397827,광주 동구,서석동,2017091604,18.0,10.0,광주 동구 서남로 1
1853,397829,397829,광주 동구,서석동,2017091606,15.0,12.0,광주 동구 서남로 1
1855,397831,397831,광주 동구,서석동,2017091608,18.0,10.0,광주 동구 서남로 1
1857,397833,397833,광주 동구,서석동,2017091610,25.0,11.0,광주 동구 서남로 1
1859,397835,397835,광주 동구,서석동,2017091612,20.0,12.0,광주 동구 서남로 1
1861,397837,397837,광주 동구,서석동,2017091614,17.0,8.0,광주 동구 서남로 1
1863,397839,397839,광주 동구,서석동,2017091616,21.0,13.0,광주 동구 서남로 1
1865,397841,397841,광주 동구,서석동,2017091618,20.0,10.0,광주 동구 서남로 1
1867,397843,397843,광주 동구,서석동,2017091620,27.0,13.0,광주 동구 서남로 1
1869,397845,397845,광주 동구,서석동,2017091622,23.0,12.0,광주 동구 서남로 1
1871,397847,397847,광주 동구,서석동,2017091624,23.0,12.0,광주 동구 서남로 1
1873,397849,397849,광주 동구,서석동,2017091702,16.0,12.0,광주 동구 서남로 1
1875,397851,397851,광주 동구,서석동,2017091704,17.0,11.0,광주 동구 서남로 1
1877,397853,397853,광주 동구,서석동,2017091706,16.0,10.0,광주 동구 서남로 1
1879,397855,397855,광주 동구,서석동,2017091708,16.0,9.0,광주 동구 서남로 1
1881,397857,397857,광주 동구,서석동,2017091710,19.0,13.0,광주 동구 서남로 1
1883,397859,397859,광주 동구,서석동,2017091712,13.0,8.0,광주 동구 서남로 1
1885,397861,397861,광주 동구,서석동,2017091714,10.0,7.0,광주 동구 서남로 1
1887,397863,397863,광주 동구,서석동,2017091716,12.0,6.0,광주 동구 서남로 1
1889,397865,397865,광주 동구,서석동,2017091718,19.0,14.0,광주 동구 서남로 1
1891,397867,397867,광주 동구,서석동,2017091720,19.0,12.0,광주 동구 서남로 1
1893,397869,397869,광주 동구,서석동,2017091722,32.0,17.0,광주 동구 서남로 1
1895,397871,397871,광주 동구,서석동,2017091724,29.0,18.0,광주 동구 서남로 1
1897,397873,397873,광주 동구,서석동,2017091802,25.0,12.0,광주 동구 서남로 1
1899,397875,397875,광주 동구,서석동,2017091804,23.0,14.0,광주 동구 서남로 1
1901,397877,397877,광주 동구,서석동,2017091806,17.0,10.0,광주 동구 서남로 1
1903,397879,397879,광주 동구,서석동,2017091808,19.0,15.0,광주 동구 서남로 1
1905,397881,397881,광주 동구,서석동,2017091810,35.0,18.0,광주 동구 서남로 1
1907,397883,397883,광주 동구,서석동,2017091812,38.0,19.0,광주 동구 서남로 1
1909,397885,397885,광주 동구,서석동,2017091814,28.0,14.0,광주 동구 서남로 1
1911,397887,397887,광주 동구,서석동,2017091816,25.0,14.0,광주 동구 서남로 1
1913,397889,397889,광주 동구,서석동,2017091818,32.0,19.0,광주 동구 서남로 1
1915,397891,397891,광주 동구,서석동,2017091820,30.0,16.0,광주 동구 서남로 1
1917,397893,397893,광주 동구,서석동,2017091822,33.0,23.0,광주 동구 서남로 1
1919,397895,397895,광주 동구,서석동,2017091824,35.0,25.0,광주 동구 서남로 1
1921,397897,397897,광주 동구,서석동,2017091902,43.0,26.0,광주 동구 서남로 1
1923,397899,397899,광주 동구,서석동,2017091904,80.0,53.0,광주 동구 서남로 1
1925,397901,397901,광주 동구,서석동,2017091906,89.0,66.0,광주 동구 서남로 1
1927,397903,397903,광주 동구,서석동,2017091908,93.0,70.0,광주 동구 서남로 1
1929,397905,397905,광주 동구,서석동,2017091910,102.0,69.0,광주 동구 서남로 1
1931,397907,397907,광주 동구,서석동,2017091912,,,광주 동구 서남로 1
1933,397909,397909,광주 동구,서석동,2017091914,,,광주 동구 서남로 1
1935,397911,397911,광주 동구,서석동,2017091916,,,광주 동구 서남로 1
1937,397913,397913,광주 동구,서석동,2017091918,,,광주 동구 서남로 1
1939,397915,397915,광주 동구,서석동,2017091920,,,광주 동구 서남로 1
1941,397917,397917,광주 동구,서석동,2017091922,,,광주 동구 서남로 1
1943,397919,397919,광주 동구,서석동,2017091924,,,광주 동구 서남로 1
1945,397921,397921,광주 동구,서석동,2017092002,,,광주 동구 서남로 1
1947,397923,397923,광주 동구,서석동,2017092004,,,광주 동구 서남로 1
1949,397925,397925,광주 동구,서석동,2017092006,,,광주 동구 서남로 1
1951,397927,397927,광주 동구,서석동,2017092008,,,광주 동구 서남로 1
1953,397929,397929,광주 동구,서석동,2017092010,,,광주 동구 서남로 1
1955,397931,397931,광주 동구,서석동,2017092012,38.0,18.0,광주 동구 서남로 1
1957,397933,397933,광주 동구,서석동,2017092014,43.0,18.0,광주 동구 서남로 1
1959,397935,397935,광주 동구,서석동,2017092016,32.0,11.0,광주 동구 서남로 1
1961,397937,397937,광주 동구,서석동,2017092018,25.0,10.0,광주 동구 서남로 1
1963,397939,397939,광주 동구,서석동,2017092020,23.0,10.0,광주 동구 서남로 1
1965,397941,397941,광주 동구,서석동,2017092022,30.0,13.0,광주 동구 서남로 1
1967,397943,397943,광주 동구,서석동,2017092024,24.0,12.0,광주 동구 서남로 1
1969,397945,397945,광주 동구,서석동,2017092102,22.0,14.0,광주 동구 서남로 1
1971,397947,397947,광주 동구,서석동,2017092104,16.0,13.0,광주 동구 서남로 1
1973,397949,397949,광주 동구,서석동,2017092106,21.0,16.0,광주 동구 서남로 1
1975,397951,397951,광주 동구,서석동,2017092108,19.0,13.0,광주 동구 서남로 1
1977,397953,397953,광주 동구,서석동,2017092110,32.0,15.0,광주 동구 서남로 1
1979,397955,397955,광주 동구,서석동,2017092112,30.0,22.0,광주 동구 서남로 1
1981,397957,397957,광주 동구,서석동,2017092114,30.0,18.0,광주 동구 서남로 1
1983,397959,397959,광주 동구,서석동,2017092116,29.0,18.0,광주 동구 서남로 1
1985,397961,397961,광주 동구,서석동,2017092118,34.0,19.0,광주 동구 서남로 1
1987,397963,397963,광주 동구,서석동,2017092120,38.0,28.0,광주 동구 서남로 1
1989,397965,397965,광주 동구,서석동,2017092122,38.0,28.0,광주 동구 서남로 1
1991,397967,397967,광주 동구,서석동,2017092124,35.0,23.0,광주 동구 서남로 1
1993,397969,397969,광주 동구,서석동,2017092202,33.0,24.0,광주 동구 서남로 1
1995,397971,397971,광주 동구,서석동,2017092204,33.0,21.0,광주 동구 서남로 1
1997,397973,397973,광주 동구,서석동,2017092206,33.0,27.0,광주 동구 서남로 1
1999,397975,397975,광주 동구,서석동,2017092208,30.0,29.0,광주 동구 서남로 1
2001,397977,397977,광주 동구,서석동,2017092210,32.0,28.0,광주 동구 서남로 1
2003,397979,397979,광주 동구,서석동,2017092212,41.0,28.0,광주 동구 서남로 1
2005,397981,397981,광주 동구,서석동,2017092214,27.0,14.0,광주 동구 서남로 1
2007,397983,397983,광주 동구,서석동,2017092216,24.0,14.0,광주 동구 서남로 1
2009,397985,397985,광주 동구,서석동,2017092218,35.0,20.0,광주 동구 서남로 1
2011,397987,397987,광주 동구,서석동,2017092220,41.0,30.0,광주 동구 서남로 1
2013,397989,397989,광주 동구,서석동,2017092222,30.0,29.0,광주 동구 서남로 1
2015,397991,397991,광주 동구,서석동,2017092224,28.0,28.0,광주 동구 서남로 1
2017,397993,397993,광주 동구,서석동,2017092302,31.0,26.0,광주 동구 서남로 1
2019,397995,397995,광주 동구,서석동,2017092304,30.0,21.0,광주 동구 서남로 1
2021,397997,397997,광주 동구,서석동,2017092306,32.0,22.0,광주 동구 서남로 1
2023,397999,397999,광주 동구,서석동,2017092308,28.0,23.0,광주 동구 서남로 1
2025,398001,398001,광주 동구,서석동,2017092310,45.0,34.0,광주 동구 서남로 1
2027,398003,398003,광주 동구,서석동,2017092312,51.0,38.0,광주 동구 서남로 1
2029,398005,398005,광주 동구,서석동,2017092314,42.0,28.0,광주 동구 서남로 1
2031,398007,398007,광주 동구,서석동,2017092316,36.0,29.0,광주 동구 서남로 1
2033,398009,398009,광주 동구,서석동,2017092318,60.0,36.0,광주 동구 서남로 1
2035,398011,398011,광주 동구,서석동,2017092320,51.0,30.0,광주 동구 서남로 1
2037,398013,398013,광주 동구,서석동,2017092322,48.0,36.0,광주 동구 서남로 1
2039,398015,398015,광주 동구,서석동,2017092324,45.0,38.0,광주 동구 서남로 1
2041,398017,398017,광주 동구,서석동,2017092402,40.0,35.0,광주 동구 서남로 1
2043,398019,398019,광주 동구,서석동,2017092404,39.0,36.0,광주 동구 서남로 1
2045,398021,398021,광주 동구,서석동,2017092406,51.0,45.0,광주 동구 서남로 1
2047,398023,398023,광주 동구,서석동,2017092408,57.0,47.0,광주 동구 서남로 1
2049,398025,398025,광주 동구,서석동,2017092410,63.0,48.0,광주 동구 서남로 1
2051,398027,398027,광주 동구,서석동,2017092412,64.0,49.0,광주 동구 서남로 1
2053,398029,398029,광주 동구,서석동,2017092414,83.0,49.0,광주 동구 서남로 1
2055,398031,398031,광주 동구,서석동,2017092416,83.0,47.0,광주 동구 서남로 1
2057,398033,398033,광주 동구,서석동,2017092418,67.0,47.0,광주 동구 서남로 1
2059,398035,398035,광주 동구,서석동,2017092420,76.0,48.0,광주 동구 서남로 1
2061,398037,398037,광주 동구,서석동,2017092422,71.0,52.0,광주 동구 서남로 1
2063,398039,398039,광주 동구,서석동,2017092424,68.0,51.0,광주 동구 서남로 1
2065,398041,398041,광주 동구,서석동,2017092502,62.0,50.0,광주 동구 서남로 1
2067,398043,398043,광주 동구,서석동,2017092504,66.0,51.0,광주 동구 서남로 1
2069,398045,398045,광주 동구,서석동,2017092506,66.0,48.0,광주 동구 서남로 1
2071,398047,398047,광주 동구,서석동,2017092508,67.0,52.0,광주 동구 서남로 1
2073,398049,398049,광주 동구,서석동,2017092510,75.0,53.0,광주 동구 서남로 1
2075,398051,398051,광주 동구,서석동,2017092512,76.0,46.0,광주 동구 서남로 1
2077,398053,398053,광주 동구,서석동,2017092514,63.0,39.0,광주 동구 서남로 1
2079,398055,398055,광주 동구,서석동,2017092516,50.0,41.0,광주 동구 서남로 1
2081,398057,398057,광주 동구,서석동,2017092518,54.0,40.0,광주 동구 서남로 1
2083,398059,398059,광주 동구,서석동,2017092520,64.0,52.0,광주 동구 서남로 1
2085,398061,398061,광주 동구,서석동,2017092522,71.0,52.0,광주 동구 서남로 1
2087,398063,398063,광주 동구,서석동,2017092524,66.0,55.0,광주 동구 서남로 1
2089,398065,398065,광주 동구,서석동,2017092602,70.0,60.0,광주 동구 서남로 1
2091,398067,398067,광주 동구,서석동,2017092604,81.0,67.0,광주 동구 서남로 1
2093,398069,398069,광주 동구,서석동,2017092606,75.0,61.0,광주 동구 서남로 1
2095,398071,398071,광주 동구,서석동,2017092608,73.0,55.0,광주 동구 서남로 1
2097,398073,398073,광주 동구,서석동,2017092610,75.0,57.0,광주 동구 서남로 1
2099,398075,398075,광주 동구,서석동,2017092612,57.0,38.0,광주 동구 서남로 1
2101,398077,398077,광주 동구,서석동,2017092614,40.0,29.0,광주 동구 서남로 1
2103,398079,398079,광주 동구,서석동,2017092616,43.0,30.0,광주 동구 서남로 1
2105,398081,398081,광주 동구,서석동,2017092618,44.0,27.0,광주 동구 서남로 1
2107,398083,398083,광주 동구,서석동,2017092620,49.0,32.0,광주 동구 서남로 1
2109,398085,398085,광주 동구,서석동,2017092622,44.0,34.0,광주 동구 서남로 1
2111,398087,398087,광주 동구,서석동,2017092624,39.0,28.0,광주 동구 서남로 1
2113,398089,398089,광주 동구,서석동,2017092702,33.0,27.0,광주 동구 서남로 1
2115,398091,398091,광주 동구,서석동,2017092704,27.0,25.0,광주 동구 서남로 1
2117,398093,398093,광주 동구,서석동,2017092706,29.0,28.0,광주 동구 서남로 1
2119,398095,398095,광주 동구,서석동,2017092708,30.0,28.0,광주 동구 서남로 1
2121,398097,398097,광주 동구,서석동,2017092710,17.0,11.0,광주 동구 서남로 1
2123,398099,398099,광주 동구,서석동,2017092712,10.0,7.0,광주 동구 서남로 1
2125,398101,398101,광주 동구,서석동,2017092714,8.0,5.0,광주 동구 서남로 1
2127,398103,398103,광주 동구,서석동,2017092716,23.0,15.0,광주 동구 서남로 1
2129,398105,398105,광주 동구,서석동,2017092718,17.0,9.0,광주 동구 서남로 1
2131,398107,398107,광주 동구,서석동,2017092720,20.0,9.0,광주 동구 서남로 1
2133,398109,398109,광주 동구,서석동,2017092722,16.0,12.0,광주 동구 서남로 1
2135,398111,398111,광주 동구,서석동,2017092724,31.0,16.0,광주 동구 서남로 1
2137,398113,398113,광주 동구,서석동,2017092802,29.0,19.0,광주 동구 서남로 1
2139,398115,398115,광주 동구,서석동,2017092804,33.0,24.0,광주 동구 서남로 1
2141,398117,398117,광주 동구,서석동,2017092806,39.0,29.0,광주 동구 서남로 1
2143,398119,398119,광주 동구,서석동,2017092808,64.0,50.0,광주 동구 서남로 1
2145,398121,398121,광주 동구,서석동,2017092810,63.0,44.0,광주 동구 서남로 1
2147,398123,398123,광주 동구,서석동,2017092812,28.0,17.0,광주 동구 서남로 1
2149,398125,398125,광주 동구,서석동,2017092814,40.0,21.0,광주 동구 서남로 1
2151,398127,398127,광주 동구,서석동,2017092816,34.0,9.0,광주 동구 서남로 1
2153,398129,398129,광주 동구,서석동,2017092818,39.0,15.0,광주 동구 서남로 1
2155,398131,398131,광주 동구,서석동,2017092820,48.0,27.0,광주 동구 서남로 1
2157,398133,398133,광주 동구,서석동,2017092822,56.0,27.0,광주 동구 서남로 1
2159,398135,398135,광주 동구,서석동,2017092824,58.0,22.0,광주 동구 서남로 1
2161,398137,398137,광주 동구,서석동,2017092902,50.0,21.0,광주 동구 서남로 1
2163,398139,398139,광주 동구,서석동,2017092904,41.0,24.0,광주 동구 서남로 1
2165,398141,398141,광주 동구,서석동,2017092906,38.0,19.0,광주 동구 서남로 1
2167,398143,398143,광주 동구,서석동,2017092908,30.0,17.0,광주 동구 서남로 1
2169,398145,398145,광주 동구,서석동,2017092910,30.0,14.0,광주 동구 서남로 1
2171,398147,398147,광주 동구,서석동,2017092912,33.0,12.0,광주 동구 서남로 1
2173,398149,398149,광주 동구,서석동,2017092914,27.0,10.0,광주 동구 서남로 1
2175,398151,398151,광주 동구,서석동,2017092916,27.0,11.0,광주 동구 서남로 1
2177,398153,398153,광주 동구,서석동,2017092918,21.0,11.0,광주 동구 서남로 1
2179,398155,398155,광주 동구,서석동,2017092920,27.0,13.0,광주 동구 서남로 1
2181,398157,398157,광주 동구,서석동,2017092922,27.0,11.0,광주 동구 서남로 1
2183,398159,398159,광주 동구,서석동,2017092924,30.0,16.0,광주 동구 서남로 1
2185,398161,398161,광주 동구,서석동,2017093002,27.0,13.0,광주 동구 서남로 1
2187,398163,398163,광주 동구,서석동,2017093004,21.0,11.0,광주 동구 서남로 1
2189,398165,398165,광주 동구,서석동,2017093006,17.0,9.0,광주 동구 서남로 1
2191,398167,398167,광주 동구,서석동,2017093008,21.0,9.0,광주 동구 서남로 1
2193,398169,398169,광주 동구,서석동,2017093010,44.0,17.0,광주 동구 서남로 1
2195,398171,398171,광주 동구,서석동,2017093012,34.0,19.0,광주 동구 서남로 1
2197,398173,398173,광주 동구,서석동,2017093014,25.0,9.0,광주 동구 서남로 1
2199,398175,398175,광주 동구,서석동,2017093016,27.0,9.0,광주 동구 서남로 1
2201,398177,398177,광주 동구,서석동,2017093018,27.0,9.0,광주 동구 서남로 1
2203,398179,398179,광주 동구,서석동,2017093020,33.0,16.0,광주 동구 서남로 1
2205,398181,398181,광주 동구,서석동,2017093022,40.0,26.0,광주 동구 서남로 1
2207,398183,398183,광주 동구,서석동,2017093024,36.0,25.0,광주 동구 서남로 1
