,瘤开,螟沥老矫,固技刚瘤,檬固技刚瘤
384480,堡林 悼备,2017010101,35.0,23.0
384481,堡林 悼备,2017010102,34.0,23.0
384482,堡林 悼备,2017010103,28.0,20.0
384483,堡林 悼备,2017010104,28.0,19.0
384484,堡林 悼备,2017010105,25.0,20.0
384485,堡林 悼备,2017010106,33.0,19.0
384486,堡林 悼备,2017010107,33.0,27.0
384487,堡林 悼备,2017010108,35.0,26.0
384488,堡林 悼备,2017010109,35.0,28.0
384489,堡林 悼备,2017010110,37.0,27.0
384490,堡林 悼备,2017010111,44.0,38.0
384491,堡林 悼备,2017010112,54.0,37.0
384492,堡林 悼备,2017010113,60.0,42.0
384493,堡林 悼备,2017010114,54.0,38.0
384494,堡林 悼备,2017010115,46.0,31.0
384495,堡林 悼备,2017010116,46.0,28.0
384496,堡林 悼备,2017010117,50.0,30.0
384497,堡林 悼备,2017010118,56.0,37.0
384498,堡林 悼备,2017010119,61.0,36.0
384499,堡林 悼备,2017010120,65.0,38.0
384500,堡林 悼备,2017010121,56.0,34.0
384501,堡林 悼备,2017010122,51.0,38.0
384502,堡林 悼备,2017010123,53.0,40.0
384503,堡林 悼备,2017010124,53.0,37.0
384504,堡林 悼备,2017010201,51.0,38.0
384505,堡林 悼备,2017010202,47.0,37.0
384506,堡林 悼备,2017010203,44.0,33.0
384507,堡林 悼备,2017010204,49.0,39.0
384508,堡林 悼备,2017010205,55.0,45.0
384509,堡林 悼备,2017010206,54.0,44.0
384510,堡林 悼备,2017010207,55.0,44.0
384511,堡林 悼备,2017010208,63.0,45.0
384512,堡林 悼备,2017010209,70.0,57.0
384513,堡林 悼备,2017010210,71.0,51.0
384514,堡林 悼备,2017010211,75.0,54.0
384515,堡林 悼备,2017010212,76.0,51.0
384516,堡林 悼备,2017010213,78.0,55.0
384517,堡林 悼备,2017010214,66.0,43.0
384518,堡林 悼备,2017010215,48.0,30.0
384519,堡林 悼备,2017010216,48.0,31.0
384520,堡林 悼备,2017010217,46.0,29.0
384521,堡林 悼备,2017010218,40.0,23.0
384522,堡林 悼备,2017010219,40.0,28.0
384523,堡林 悼备,2017010220,45.0,27.0
384524,堡林 悼备,2017010221,48.0,33.0
384525,堡林 悼备,2017010222,51.0,37.0
384526,堡林 悼备,2017010223,54.0,41.0
384527,堡林 悼备,2017010224,76.0,59.0
384528,堡林 悼备,2017010301,94.0,67.0
384529,堡林 悼备,2017010302,94.0,74.0
384530,堡林 悼备,2017010303,100.0,80.0
384531,堡林 悼备,2017010304,113.0,97.0
384532,堡林 悼备,2017010305,139.0,118.0
384533,堡林 悼备,2017010306,131.0,115.0
384534,堡林 悼备,2017010307,111.0,95.0
384535,堡林 悼备,2017010308,111.0,90.0
384536,堡林 悼备,2017010309,96.0,82.0
384537,堡林 悼备,2017010310,103.0,85.0
384538,堡林 悼备,2017010311,98.0,75.0
384539,堡林 悼备,2017010312,90.0,66.0
384540,堡林 悼备,2017010313,88.0,64.0
384541,堡林 悼备,2017010314,74.0,54.0
384542,堡林 悼备,2017010315,74.0,60.0
384543,堡林 悼备,2017010316,62.0,46.0
384544,堡林 悼备,2017010317,60.0,40.0
384545,堡林 悼备,2017010318,49.0,34.0
384546,堡林 悼备,2017010319,63.0,38.0
384547,堡林 悼备,2017010320,72.0,41.0
384548,堡林 悼备,2017010321,72.0,43.0
384549,堡林 悼备,2017010322,67.0,45.0
384550,堡林 悼备,2017010323,69.0,43.0
384551,堡林 悼备,2017010324,68.0,48.0
384552,堡林 悼备,2017010401,66.0,46.0
384553,堡林 悼备,2017010402,60.0,43.0
384554,堡林 悼备,2017010403,60.0,47.0
384555,堡林 悼备,2017010404,59.0,41.0
384556,堡林 悼备,2017010405,57.0,41.0
384557,堡林 悼备,2017010406,54.0,43.0
384558,堡林 悼备,2017010407,56.0,41.0
384559,堡林 悼备,2017010408,59.0,45.0
384560,堡林 悼备,2017010409,72.0,54.0
384561,堡林 悼备,2017010410,83.0,62.0
384562,堡林 悼备,2017010411,93.0,70.0
384563,堡林 悼备,2017010412,108.0,79.0
384564,堡林 悼备,2017010413,,
384565,堡林 悼备,2017010414,127.0,91.0
384566,堡林 悼备,2017010415,116.0,81.0
384567,堡林 悼备,2017010416,102.0,75.0
384568,堡林 悼备,2017010417,98.0,75.0
384569,堡林 悼备,2017010418,100.0,79.0
384570,堡林 悼备,2017010419,120.0,88.0
384571,堡林 悼备,2017010420,133.0,99.0
384572,堡林 悼备,2017010421,122.0,97.0
384573,堡林 悼备,2017010422,123.0,101.0
384574,堡林 悼备,2017010423,126.0,102.0
384575,堡林 悼备,2017010424,106.0,91.0
384576,堡林 悼备,2017010501,94.0,81.0
384577,堡林 悼备,2017010502,93.0,77.0
384578,堡林 悼备,2017010503,95.0,82.0
384579,堡林 悼备,2017010504,94.0,82.0
384580,堡林 悼备,2017010505,98.0,85.0
384581,堡林 悼备,2017010506,93.0,83.0
384582,堡林 悼备,2017010507,92.0,80.0
384583,堡林 悼备,2017010508,90.0,80.0
384584,堡林 悼备,2017010509,94.0,75.0
384585,堡林 悼备,2017010510,97.0,79.0
384586,堡林 悼备,2017010511,123.0,95.0
384587,堡林 悼备,2017010512,132.0,105.0
384588,堡林 悼备,2017010513,117.0,97.0
384589,堡林 悼备,2017010514,104.0,84.0
384590,堡林 悼备,2017010515,104.0,82.0
384591,堡林 悼备,2017010516,96.0,75.0
384592,堡林 悼备,2017010517,99.0,73.0
384593,堡林 悼备,2017010518,87.0,61.0
384594,堡林 悼备,2017010519,102.0,58.0
384595,堡林 悼备,2017010520,68.0,38.0
384596,堡林 悼备,2017010521,61.0,39.0
384597,堡林 悼备,2017010522,59.0,39.0
384598,堡林 悼备,2017010523,54.0,29.0
384599,堡林 悼备,2017010524,34.0,24.0
384600,堡林 悼备,2017010601,28.0,19.0
384601,堡林 悼备,2017010602,35.0,21.0
384602,堡林 悼备,2017010603,36.0,21.0
384603,堡林 悼备,2017010604,28.0,17.0
384604,堡林 悼备,2017010605,24.0,16.0
384605,堡林 悼备,2017010606,24.0,12.0
384606,堡林 悼备,2017010607,26.0,20.0
384607,堡林 悼备,2017010608,18.0,17.0
384608,堡林 悼备,2017010609,29.0,20.0
384609,堡林 悼备,2017010610,32.0,20.0
384610,堡林 悼备,2017010611,36.0,26.0
384611,堡林 悼备,2017010612,33.0,13.0
384612,堡林 悼备,2017010613,23.0,12.0
384613,堡林 悼备,2017010614,16.0,8.0
384614,堡林 悼备,2017010615,19.0,6.0
384615,堡林 悼备,2017010616,26.0,9.0
384616,堡林 悼备,2017010617,28.0,12.0
384617,堡林 悼备,2017010618,23.0,10.0
384618,堡林 悼备,2017010619,32.0,12.0
384619,堡林 悼备,2017010620,35.0,15.0
384620,堡林 悼备,2017010621,35.0,17.0
384621,堡林 悼备,2017010622,44.0,18.0
384622,堡林 悼备,2017010623,32.0,15.0
384623,堡林 悼备,2017010624,31.0,14.0
384624,堡林 悼备,2017010701,34.0,21.0
384625,堡林 悼备,2017010702,28.0,19.0
384626,堡林 悼备,2017010703,26.0,16.0
384627,堡林 悼备,2017010704,30.0,14.0
384628,堡林 悼备,2017010705,30.0,16.0
384629,堡林 悼备,2017010706,27.0,16.0
384630,堡林 悼备,2017010707,38.0,16.0
384631,堡林 悼备,2017010708,34.0,20.0
384632,堡林 悼备,2017010709,40.0,23.0
384633,堡林 悼备,2017010710,40.0,26.0
384634,堡林 悼备,2017010711,55.0,33.0
384635,堡林 悼备,2017010712,61.0,40.0
384636,堡林 悼备,2017010713,49.0,26.0
384637,堡林 悼备,2017010714,51.0,32.0
384638,堡林 悼备,2017010715,42.0,26.0
384639,堡林 悼备,2017010716,42.0,28.0
384640,堡林 悼备,2017010717,47.0,28.0
384641,堡林 悼备,2017010718,45.0,26.0
384642,堡林 悼备,2017010719,51.0,30.0
384643,堡林 悼备,2017010720,47.0,31.0
384644,堡林 悼备,2017010721,48.0,33.0
384645,堡林 悼备,2017010722,53.0,35.0
384646,堡林 悼备,2017010723,49.0,34.0
384647,堡林 悼备,2017010724,45.0,32.0
384648,堡林 悼备,2017010801,40.0,23.0
384649,堡林 悼备,2017010802,30.0,24.0
384650,堡林 悼备,2017010803,31.0,21.0
384651,堡林 悼备,2017010804,27.0,24.0
384652,堡林 悼备,2017010805,33.0,20.0
384653,堡林 悼备,2017010806,22.0,11.0
384654,堡林 悼备,2017010807,21.0,15.0
384655,堡林 悼备,2017010808,21.0,14.0
384656,堡林 悼备,2017010809,23.0,11.0
384657,堡林 悼备,2017010810,21.0,11.0
384658,堡林 悼备,2017010811,27.0,18.0
384659,堡林 悼备,2017010812,28.0,18.0
384660,堡林 悼备,2017010813,17.0,12.0
384661,堡林 悼备,2017010814,22.0,8.0
384662,堡林 悼备,2017010815,18.0,7.0
384663,堡林 悼备,2017010816,22.0,10.0
384664,堡林 悼备,2017010817,30.0,18.0
384665,堡林 悼备,2017010818,34.0,19.0
384666,堡林 悼备,2017010819,35.0,23.0
384667,堡林 悼备,2017010820,47.0,34.0
384668,堡林 悼备,2017010821,58.0,43.0
384669,堡林 悼备,2017010822,65.0,56.0
384670,堡林 悼备,2017010823,61.0,49.0
384671,堡林 悼备,2017010824,45.0,36.0
384672,堡林 悼备,2017010901,34.0,29.0
384673,堡林 悼备,2017010902,39.0,24.0
384674,堡林 悼备,2017010903,45.0,30.0
384675,堡林 悼备,2017010904,43.0,35.0
384676,堡林 悼备,2017010905,42.0,32.0
384677,堡林 悼备,2017010906,50.0,34.0
384678,堡林 悼备,2017010907,49.0,38.0
384679,堡林 悼备,2017010908,47.0,38.0
384680,堡林 悼备,2017010909,43.0,29.0
384681,堡林 悼备,2017010910,57.0,47.0
384682,堡林 悼备,2017010911,69.0,55.0
384683,堡林 悼备,2017010912,87.0,65.0
384684,堡林 悼备,2017010913,64.0,41.0
384685,堡林 悼备,2017010914,33.0,16.0
384686,堡林 悼备,2017010915,35.0,15.0
384687,堡林 悼备,2017010916,35.0,13.0
384688,堡林 悼备,2017010917,34.0,15.0
384689,堡林 悼备,2017010918,34.0,16.0
384690,堡林 悼备,2017010919,38.0,15.0
384691,堡林 悼备,2017010920,38.0,23.0
384692,堡林 悼备,2017010921,42.0,22.0
384693,堡林 悼备,2017010922,36.0,21.0
384694,堡林 悼备,2017010923,43.0,26.0
384695,堡林 悼备,2017010924,34.0,21.0
384696,堡林 悼备,2017011001,34.0,23.0
384697,堡林 悼备,2017011002,38.0,23.0
384698,堡林 悼备,2017011003,30.0,22.0
384699,堡林 悼备,2017011004,29.0,17.0
384700,堡林 悼备,2017011005,30.0,15.0
384701,堡林 悼备,2017011006,22.0,16.0
384702,堡林 悼备,2017011007,27.0,8.0
384703,堡林 悼备,2017011008,27.0,12.0
384704,堡林 悼备,2017011009,26.0,11.0
384705,堡林 悼备,2017011010,34.0,15.0
384706,堡林 悼备,2017011011,35.0,13.0
384707,堡林 悼备,2017011012,34.0,15.0
384708,堡林 悼备,2017011013,30.0,12.0
384709,堡林 悼备,2017011014,29.0,8.0
384710,堡林 悼备,2017011015,27.0,16.0
384711,堡林 悼备,2017011016,27.0,15.0
384712,堡林 悼备,2017011017,26.0,14.0
384713,堡林 悼备,2017011018,26.0,12.0
384714,堡林 悼备,2017011019,24.0,11.0
384715,堡林 悼备,2017011020,28.0,18.0
384716,堡林 悼备,2017011021,34.0,21.0
384717,堡林 悼备,2017011022,36.0,18.0
384718,堡林 悼备,2017011023,26.0,9.0
384719,堡林 悼备,2017011024,28.0,9.0
384720,堡林 悼备,2017011101,21.0,7.0
384721,堡林 悼备,2017011102,20.0,11.0
384722,堡林 悼备,2017011103,22.0,11.0
384723,堡林 悼备,2017011104,19.0,8.0
384724,堡林 悼备,2017011105,18.0,10.0
384725,堡林 悼备,2017011106,20.0,8.0
384726,堡林 悼备,2017011107,22.0,6.0
384727,堡林 悼备,2017011108,19.0,8.0
384728,堡林 悼备,2017011109,19.0,6.0
384729,堡林 悼备,2017011110,25.0,8.0
384730,堡林 悼备,2017011111,18.0,8.0
384731,堡林 悼备,2017011112,22.0,9.0
384732,堡林 悼备,2017011113,21.0,11.0
384733,堡林 悼备,2017011114,18.0,7.0
384734,堡林 悼备,2017011115,24.0,8.0
384735,堡林 悼备,2017011116,20.0,11.0
384736,堡林 悼备,2017011117,20.0,10.0
384737,堡林 悼备,2017011118,25.0,11.0
384738,堡林 悼备,2017011119,27.0,9.0
384739,堡林 悼备,2017011120,29.0,16.0
384740,堡林 悼备,2017011121,27.0,15.0
384741,堡林 悼备,2017011122,30.0,20.0
384742,堡林 悼备,2017011123,31.0,16.0
384743,堡林 悼备,2017011124,26.0,16.0
384744,堡林 悼备,2017011201,26.0,18.0
384745,堡林 悼备,2017011202,30.0,17.0
384746,堡林 悼备,2017011203,26.0,16.0
384747,堡林 悼备,2017011204,27.0,16.0
384748,堡林 悼备,2017011205,22.0,15.0
384749,堡林 悼备,2017011206,24.0,17.0
384750,堡林 悼备,2017011207,22.0,15.0
384751,堡林 悼备,2017011208,28.0,11.0
384752,堡林 悼备,2017011209,27.0,18.0
384753,堡林 悼备,2017011210,45.0,23.0
384754,堡林 悼备,2017011211,46.0,23.0
384755,堡林 悼备,2017011212,57.0,30.0
384756,堡林 悼备,2017011213,53.0,35.0
384757,堡林 悼备,2017011214,40.0,24.0
384758,堡林 悼备,2017011215,69.0,50.0
384759,堡林 悼备,2017011216,116.0,85.0
384760,堡林 悼备,2017011217,130.0,102.0
384761,堡林 悼备,2017011218,151.0,117.0
384762,堡林 悼备,2017011219,119.0,91.0
384763,堡林 悼备,2017011220,100.0,72.0
384764,堡林 悼备,2017011221,76.0,55.0
384765,堡林 悼备,2017011222,65.0,48.0
384766,堡林 悼备,2017011223,53.0,45.0
384767,堡林 悼备,2017011224,57.0,38.0
384768,堡林 悼备,2017011301,56.0,34.0
384769,堡林 悼备,2017011302,48.0,37.0
384770,堡林 悼备,2017011303,46.0,34.0
384771,堡林 悼备,2017011304,40.0,29.0
384772,堡林 悼备,2017011305,34.0,25.0
384773,堡林 悼备,2017011306,29.0,14.0
384774,堡林 悼备,2017011307,28.0,17.0
384775,堡林 悼备,2017011308,27.0,15.0
384776,堡林 悼备,2017011309,36.0,18.0
384777,堡林 悼备,2017011310,46.0,23.0
384778,堡林 悼备,2017011311,55.0,27.0
384779,堡林 悼备,2017011312,46.0,27.0
384780,堡林 悼备,2017011313,37.0,20.0
384781,堡林 悼备,2017011314,47.0,26.0
384782,堡林 悼备,2017011315,49.0,34.0
384783,堡林 悼备,2017011316,69.0,48.0
384784,堡林 悼备,2017011317,38.0,27.0
384785,堡林 悼备,2017011318,37.0,27.0
384786,堡林 悼备,2017011319,35.0,22.0
384787,堡林 悼备,2017011320,29.0,19.0
384788,堡林 悼备,2017011321,27.0,18.0
384789,堡林 悼备,2017011322,31.0,11.0
384790,堡林 悼备,2017011323,22.0,11.0
384791,堡林 悼备,2017011324,27.0,16.0
384792,堡林 悼备,2017011401,23.0,14.0
384793,堡林 悼备,2017011402,22.0,13.0
384794,堡林 悼备,2017011403,28.0,14.0
384795,堡林 悼备,2017011404,27.0,13.0
384796,堡林 悼备,2017011405,32.0,17.0
384797,堡林 悼备,2017011406,34.0,16.0
384798,堡林 悼备,2017011407,37.0,19.0
384799,堡林 悼备,2017011408,42.0,18.0
384800,堡林 悼备,2017011409,40.0,21.0
384801,堡林 悼备,2017011410,47.0,18.0
384802,堡林 悼备,2017011411,48.0,16.0
384803,堡林 悼备,2017011412,51.0,8.0
384804,堡林 悼备,2017011413,48.0,11.0
384805,堡林 悼备,2017011414,39.0,11.0
384806,堡林 悼备,2017011415,32.0,8.0
384807,堡林 悼备,2017011416,31.0,8.0
384808,堡林 悼备,2017011417,25.0,6.0
384809,堡林 悼备,2017011418,27.0,9.0
384810,堡林 悼备,2017011419,25.0,11.0
384811,堡林 悼备,2017011420,28.0,9.0
384812,堡林 悼备,2017011421,25.0,11.0
384813,堡林 悼备,2017011422,23.0,10.0
384814,堡林 悼备,2017011423,25.0,7.0
384815,堡林 悼备,2017011424,30.0,8.0
384816,堡林 悼备,2017011501,29.0,12.0
384817,堡林 悼备,2017011502,34.0,14.0
384818,堡林 悼备,2017011503,32.0,13.0
384819,堡林 悼备,2017011504,38.0,13.0
384820,堡林 悼备,2017011505,40.0,10.0
384821,堡林 悼备,2017011506,37.0,15.0
384822,堡林 悼备,2017011507,37.0,12.0
384823,堡林 悼备,2017011508,32.0,13.0
384824,堡林 悼备,2017011509,32.0,10.0
384825,堡林 悼备,2017011510,26.0,9.0
384826,堡林 悼备,2017011511,28.0,15.0
384827,堡林 悼备,2017011512,27.0,10.0
384828,堡林 悼备,2017011513,27.0,9.0
384829,堡林 悼备,2017011514,20.0,6.0
384830,堡林 悼备,2017011515,21.0,8.0
384831,堡林 悼备,2017011516,24.0,7.0
384832,堡林 悼备,2017011517,20.0,5.0
384833,堡林 悼备,2017011518,19.0,8.0
384834,堡林 悼备,2017011519,25.0,9.0
384835,堡林 悼备,2017011520,20.0,12.0
384836,堡林 悼备,2017011521,21.0,10.0
384837,堡林 悼备,2017011522,22.0,10.0
384838,堡林 悼备,2017011523,24.0,13.0
384839,堡林 悼备,2017011524,23.0,12.0
384840,堡林 悼备,2017011601,23.0,12.0
384841,堡林 悼备,2017011602,15.0,10.0
384842,堡林 悼备,2017011603,21.0,9.0
384843,堡林 悼备,2017011604,17.0,13.0
384844,堡林 悼备,2017011605,20.0,14.0
384845,堡林 悼备,2017011606,22.0,12.0
384846,堡林 悼备,2017011607,19.0,10.0
384847,堡林 悼备,2017011608,22.0,13.0
384848,堡林 悼备,2017011609,31.0,22.0
384849,堡林 悼备,2017011610,49.0,34.0
384850,堡林 悼备,2017011611,33.0,13.0
384851,堡林 悼备,2017011612,26.0,10.0
384852,堡林 悼备,2017011613,24.0,12.0
384853,堡林 悼备,2017011614,25.0,9.0
384854,堡林 悼备,2017011615,21.0,10.0
384855,堡林 悼备,2017011616,,
384856,堡林 悼备,2017011617,,
384857,堡林 悼备,2017011618,,
384858,堡林 悼备,2017011619,,
384859,堡林 悼备,2017011620,,
384860,堡林 悼备,2017011621,,
384861,堡林 悼备,2017011622,,
384862,堡林 悼备,2017011623,,
384863,堡林 悼备,2017011624,,
384864,堡林 悼备,2017011701,,
384865,堡林 悼备,2017011702,,
384866,堡林 悼备,2017011703,,
384867,堡林 悼备,2017011704,,
384868,堡林 悼备,2017011705,,
384869,堡林 悼备,2017011706,,
384870,堡林 悼备,2017011707,,
384871,堡林 悼备,2017011708,,
384872,堡林 悼备,2017011709,,
384873,堡林 悼备,2017011710,,
384874,堡林 悼备,2017011711,,
384875,堡林 悼备,2017011712,,
384876,堡林 悼备,2017011713,,
384877,堡林 悼备,2017011714,,
384878,堡林 悼备,2017011715,,
384879,堡林 悼备,2017011716,,
384880,堡林 悼备,2017011717,,
384881,堡林 悼备,2017011718,,
384882,堡林 悼备,2017011719,,
384883,堡林 悼备,2017011720,,
384884,堡林 悼备,2017011721,,
384885,堡林 悼备,2017011722,,
384886,堡林 悼备,2017011723,,
384887,堡林 悼备,2017011724,,
384888,堡林 悼备,2017011801,,
384889,堡林 悼备,2017011802,,
384890,堡林 悼备,2017011803,,
384891,堡林 悼备,2017011804,,
384892,堡林 悼备,2017011805,,
384893,堡林 悼备,2017011806,,
384894,堡林 悼备,2017011807,,
384895,堡林 悼备,2017011808,,
384896,堡林 悼备,2017011809,,
384897,堡林 悼备,2017011810,,
384898,堡林 悼备,2017011811,,
384899,堡林 悼备,2017011812,,
384900,堡林 悼备,2017011813,,
384901,堡林 悼备,2017011814,90.0,67.0
384902,堡林 悼备,2017011815,90.0,67.0
384903,堡林 悼备,2017011816,90.0,70.0
384904,堡林 悼备,2017011817,100.0,71.0
384905,堡林 悼备,2017011818,110.0,84.0
384906,堡林 悼备,2017011819,122.0,98.0
384907,堡林 悼备,2017011820,127.0,98.0
384908,堡林 悼备,2017011821,130.0,100.0
384909,堡林 悼备,2017011822,133.0,104.0
384910,堡林 悼备,2017011823,127.0,110.0
384911,堡林 悼备,2017011824,125.0,108.0
384912,堡林 悼备,2017011901,116.0,101.0
384913,堡林 悼备,2017011902,117.0,102.0
384914,堡林 悼备,2017011903,123.0,107.0
384915,堡林 悼备,2017011904,121.0,100.0
384916,堡林 悼备,2017011905,114.0,93.0
384917,堡林 悼备,2017011906,120.0,99.0
384918,堡林 悼备,2017011907,128.0,108.0
384919,堡林 悼备,2017011908,129.0,112.0
384920,堡林 悼备,2017011909,133.0,114.0
384921,堡林 悼备,2017011910,138.0,111.0
384922,堡林 悼备,2017011911,147.0,121.0
384923,堡林 悼备,2017011912,122.0,91.0
384924,堡林 悼备,2017011913,99.0,76.0
384925,堡林 悼备,2017011914,100.0,82.0
384926,堡林 悼备,2017011915,86.0,68.0
384927,堡林 悼备,2017011916,89.0,68.0
384928,堡林 悼备,2017011917,87.0,65.0
384929,堡林 悼备,2017011918,71.0,57.0
384930,堡林 悼备,2017011919,88.0,70.0
384931,堡林 悼备,2017011920,92.0,70.0
384932,堡林 悼备,2017011921,81.0,58.0
384933,堡林 悼备,2017011922,75.0,61.0
384934,堡林 悼备,2017011923,72.0,57.0
384935,堡林 悼备,2017011924,75.0,55.0
384936,堡林 悼备,2017012001,64.0,51.0
384937,堡林 悼备,2017012002,66.0,53.0
384938,堡林 悼备,2017012003,60.0,44.0
384939,堡林 悼备,2017012004,55.0,47.0
384940,堡林 悼备,2017012005,83.0,65.0
384941,堡林 悼备,2017012006,88.0,74.0
384942,堡林 悼备,2017012007,32.0,28.0
384943,堡林 悼备,2017012008,33.0,26.0
384944,堡林 悼备,2017012009,40.0,31.0
384945,堡林 悼备,2017012010,37.0,28.0
384946,堡林 悼备,2017012011,33.0,31.0
384947,堡林 悼备,2017012012,39.0,37.0
384948,堡林 悼备,2017012013,43.0,34.0
384949,堡林 悼备,2017012014,37.0,29.0
384950,堡林 悼备,2017012015,40.0,23.0
384951,堡林 悼备,2017012016,29.0,21.0
384952,堡林 悼备,2017012017,29.0,16.0
384953,堡林 悼备,2017012018,25.0,11.0
384954,堡林 悼备,2017012019,32.0,13.0
384955,堡林 悼备,2017012020,31.0,11.0
384956,堡林 悼备,2017012021,29.0,14.0
384957,堡林 悼备,2017012022,25.0,16.0
384958,堡林 悼备,2017012023,24.0,15.0
384959,堡林 悼备,2017012024,27.0,17.0
384960,堡林 悼备,2017012101,29.0,15.0
384961,堡林 悼备,2017012102,29.0,14.0
384962,堡林 悼备,2017012103,24.0,9.0
384963,堡林 悼备,2017012104,22.0,11.0
384964,堡林 悼备,2017012105,27.0,11.0
384965,堡林 悼备,2017012106,22.0,12.0
384966,堡林 悼备,2017012107,28.0,15.0
384967,堡林 悼备,2017012108,27.0,18.0
384968,堡林 悼备,2017012109,35.0,24.0
384969,堡林 悼备,2017012110,40.0,25.0
384970,堡林 悼备,2017012111,47.0,28.0
384971,堡林 悼备,2017012112,46.0,29.0
384972,堡林 悼备,2017012113,39.0,19.0
384973,堡林 悼备,2017012114,38.0,26.0
384974,堡林 悼备,2017012115,35.0,18.0
384975,堡林 悼备,2017012116,31.0,18.0
384976,堡林 悼备,2017012117,28.0,23.0
384977,堡林 悼备,2017012118,31.0,23.0
384978,堡林 悼备,2017012119,26.0,17.0
384979,堡林 悼备,2017012120,32.0,23.0
384980,堡林 悼备,2017012121,25.0,20.0
384981,堡林 悼备,2017012122,27.0,23.0
384982,堡林 悼备,2017012123,26.0,19.0
384983,堡林 悼备,2017012124,23.0,20.0
384984,堡林 悼备,2017012201,22.0,20.0
384985,堡林 悼备,2017012202,27.0,27.0
384986,堡林 悼备,2017012203,35.0,27.0
384987,堡林 悼备,2017012204,45.0,32.0
384988,堡林 悼备,2017012205,78.0,53.0
384989,堡林 悼备,2017012206,31.0,17.0
384990,堡林 悼备,2017012207,30.0,17.0
384991,堡林 悼备,2017012208,29.0,14.0
384992,堡林 悼备,2017012209,26.0,15.0
384993,堡林 悼备,2017012210,27.0,15.0
384994,堡林 悼备,2017012211,29.0,12.0
384995,堡林 悼备,2017012212,35.0,11.0
384996,堡林 悼备,2017012213,38.0,16.0
384997,堡林 悼备,2017012214,37.0,15.0
384998,堡林 悼备,2017012215,30.0,12.0
384999,堡林 悼备,2017012216,35.0,13.0
385000,堡林 悼备,2017012217,24.0,8.0
385001,堡林 悼备,2017012218,25.0,15.0
385002,堡林 悼备,2017012219,24.0,15.0
385003,堡林 悼备,2017012220,24.0,15.0
385004,堡林 悼备,2017012221,23.0,17.0
385005,堡林 悼备,2017012222,23.0,17.0
385006,堡林 悼备,2017012223,28.0,25.0
385007,堡林 悼备,2017012224,34.0,26.0
385008,堡林 悼备,2017012301,30.0,30.0
385009,堡林 悼备,2017012302,41.0,29.0
385010,堡林 悼备,2017012303,43.0,31.0
385011,堡林 悼备,2017012304,39.0,34.0
385012,堡林 悼备,2017012305,38.0,31.0
385013,堡林 悼备,2017012306,34.0,27.0
385014,堡林 悼备,2017012307,35.0,26.0
385015,堡林 悼备,2017012308,37.0,30.0
385016,堡林 悼备,2017012309,41.0,41.0
385017,堡林 悼备,2017012310,51.0,40.0
385018,堡林 悼备,2017012311,42.0,36.0
385019,堡林 悼备,2017012312,41.0,36.0
385020,堡林 悼备,2017012313,44.0,37.0
385021,堡林 悼备,2017012314,36.0,28.0
385022,堡林 悼备,2017012315,28.0,21.0
385023,堡林 悼备,2017012316,26.0,23.0
385024,堡林 悼备,2017012317,23.0,19.0
385025,堡林 悼备,2017012318,22.0,15.0
385026,堡林 悼备,2017012319,21.0,18.0
385027,堡林 悼备,2017012320,24.0,17.0
385028,堡林 悼备,2017012321,21.0,17.0
385029,堡林 悼备,2017012322,24.0,16.0
385030,堡林 悼备,2017012323,19.0,18.0
385031,堡林 悼备,2017012324,21.0,17.0
385032,堡林 悼备,2017012401,18.0,17.0
385033,堡林 悼备,2017012402,22.0,17.0
385034,堡林 悼备,2017012403,19.0,17.0
385035,堡林 悼备,2017012404,19.0,17.0
385036,堡林 悼备,2017012405,18.0,15.0
385037,堡林 悼备,2017012406,20.0,17.0
385038,堡林 悼备,2017012407,21.0,14.0
385039,堡林 悼备,2017012408,29.0,16.0
385040,堡林 悼备,2017012409,23.0,14.0
385041,堡林 悼备,2017012410,31.0,23.0
385042,堡林 悼备,2017012411,28.0,17.0
385043,堡林 悼备,2017012412,25.0,16.0
385044,堡林 悼备,2017012413,26.0,19.0
385045,堡林 悼备,2017012414,,
385046,堡林 悼备,2017012415,,
385047,堡林 悼备,2017012416,31.0,18.0
385048,堡林 悼备,2017012417,31.0,18.0
385049,堡林 悼备,2017012418,33.0,18.0
385050,堡林 悼备,2017012419,32.0,20.0
385051,堡林 悼备,2017012420,33.0,24.0
385052,堡林 悼备,2017012421,35.0,26.0
385053,堡林 悼备,2017012422,27.0,17.0
385054,堡林 悼备,2017012423,25.0,20.0
385055,堡林 悼备,2017012424,27.0,15.0
385056,堡林 悼备,2017012501,26.0,15.0
385057,堡林 悼备,2017012502,22.0,17.0
385058,堡林 悼备,2017012503,22.0,16.0
385059,堡林 悼备,2017012504,27.0,18.0
385060,堡林 悼备,2017012505,25.0,16.0
385061,堡林 悼备,2017012506,30.0,24.0
385062,堡林 悼备,2017012507,24.0,18.0
385063,堡林 悼备,2017012508,24.0,14.0
385064,堡林 悼备,2017012509,37.0,31.0
385065,堡林 悼备,2017012510,51.0,39.0
385066,堡林 悼备,2017012511,27.0,21.0
385067,堡林 悼备,2017012512,30.0,19.0
385068,堡林 悼备,2017012513,34.0,19.0
385069,堡林 悼备,2017012514,35.0,21.0
385070,堡林 悼备,2017012515,33.0,20.0
385071,堡林 悼备,2017012516,34.0,22.0
385072,堡林 悼备,2017012517,39.0,25.0
385073,堡林 悼备,2017012518,43.0,25.0
385074,堡林 悼备,2017012519,50.0,30.0
385075,堡林 悼备,2017012520,51.0,36.0
385076,堡林 悼备,2017012521,54.0,41.0
385077,堡林 悼备,2017012522,54.0,43.0
385078,堡林 悼备,2017012523,48.0,36.0
385079,堡林 悼备,2017012524,42.0,38.0
385080,堡林 悼备,2017012601,44.0,37.0
385081,堡林 悼备,2017012602,45.0,32.0
385082,堡林 悼备,2017012603,41.0,36.0
385083,堡林 悼备,2017012604,51.0,47.0
385084,堡林 悼备,2017012605,45.0,39.0
385085,堡林 悼备,2017012606,50.0,38.0
385086,堡林 悼备,2017012607,46.0,40.0
385087,堡林 悼备,2017012608,49.0,48.0
385088,堡林 悼备,2017012609,57.0,48.0
385089,堡林 悼备,2017012610,59.0,52.0
385090,堡林 悼备,2017012611,85.0,66.0
385091,堡林 悼备,2017012612,86.0,69.0
385092,堡林 悼备,2017012613,91.0,73.0
385093,堡林 悼备,2017012614,84.0,67.0
385094,堡林 悼备,2017012615,65.0,39.0
385095,堡林 悼备,2017012616,62.0,37.0
385096,堡林 悼备,2017012617,47.0,30.0
385097,堡林 悼备,2017012618,36.0,22.0
385098,堡林 悼备,2017012619,37.0,27.0
385099,堡林 悼备,2017012620,46.0,28.0
385100,堡林 悼备,2017012621,45.0,32.0
385101,堡林 悼备,2017012622,45.0,30.0
385102,堡林 悼备,2017012623,49.0,34.0
385103,堡林 悼备,2017012624,38.0,28.0
385104,堡林 悼备,2017012701,34.0,29.0
385105,堡林 悼备,2017012702,33.0,26.0
385106,堡林 悼备,2017012703,34.0,27.0
385107,堡林 悼备,2017012704,27.0,23.0
385108,堡林 悼备,2017012705,30.0,23.0
385109,堡林 悼备,2017012706,40.0,27.0
385110,堡林 悼备,2017012707,43.0,40.0
385111,堡林 悼备,2017012708,55.0,44.0
385112,堡林 悼备,2017012709,61.0,40.0
385113,堡林 悼备,2017012710,77.0,17.0
385114,堡林 悼备,2017012711,119.0,17.0
385115,堡林 悼备,2017012712,158.0,21.0
385116,堡林 悼备,2017012713,143.0,16.0
385117,堡林 悼备,2017012714,80.0,5.0
385118,堡林 悼备,2017012715,67.0,5.0
385119,堡林 悼备,2017012716,53.0,6.0
385120,堡林 悼备,2017012717,38.0,4.0
385121,堡林 悼备,2017012718,31.0,3.0
385122,堡林 悼备,2017012719,39.0,3.0
385123,堡林 悼备,2017012720,47.0,5.0
385124,堡林 悼备,2017012721,38.0,7.0
385125,堡林 悼备,2017012722,36.0,5.0
385126,堡林 悼备,2017012723,45.0,8.0
385127,堡林 悼备,2017012724,42.0,7.0
385128,堡林 悼备,2017012801,40.0,6.0
385129,堡林 悼备,2017012802,45.0,6.0
385130,堡林 悼备,2017012803,43.0,9.0
385131,堡林 悼备,2017012804,44.0,7.0
385132,堡林 悼备,2017012805,41.0,6.0
385133,堡林 悼备,2017012806,31.0,6.0
385134,堡林 悼备,2017012807,32.0,8.0
385135,堡林 悼备,2017012808,30.0,7.0
385136,堡林 悼备,2017012809,37.0,9.0
385137,堡林 悼备,2017012810,37.0,9.0
385138,堡林 悼备,2017012811,42.0,17.0
385139,堡林 悼备,2017012812,38.0,13.0
385140,堡林 悼备,2017012813,41.0,12.0
385141,堡林 悼备,2017012814,34.0,13.0
385142,堡林 悼备,2017012815,41.0,12.0
385143,堡林 悼备,2017012816,32.0,13.0
385144,堡林 悼备,2017012817,36.0,16.0
385145,堡林 悼备,2017012818,38.0,10.0
385146,堡林 悼备,2017012819,33.0,14.0
385147,堡林 悼备,2017012820,49.0,19.0
385148,堡林 悼备,2017012821,37.0,17.0
385149,堡林 悼备,2017012822,34.0,12.0
385150,堡林 悼备,2017012823,34.0,13.0
385151,堡林 悼备,2017012824,37.0,12.0
385152,堡林 悼备,2017012901,40.0,17.0
385153,堡林 悼备,2017012902,41.0,21.0
385154,堡林 悼备,2017012903,33.0,17.0
385155,堡林 悼备,2017012904,31.0,17.0
385156,堡林 悼备,2017012905,28.0,16.0
385157,堡林 悼备,2017012906,25.0,15.0
385158,堡林 悼备,2017012907,20.0,9.0
385159,堡林 悼备,2017012908,25.0,14.0
385160,堡林 悼备,2017012909,28.0,14.0
385161,堡林 悼备,2017012910,22.0,17.0
385162,堡林 悼备,2017012911,26.0,12.0
385163,堡林 悼备,2017012912,30.0,17.0
385164,堡林 悼备,2017012913,32.0,24.0
385165,堡林 悼备,2017012914,29.0,21.0
385166,堡林 悼备,2017012915,34.0,25.0
385167,堡林 悼备,2017012916,33.0,21.0
385168,堡林 悼备,2017012917,28.0,22.0
385169,堡林 悼备,2017012918,28.0,26.0
385170,堡林 悼备,2017012919,31.0,26.0
385171,堡林 悼备,2017012920,33.0,25.0
385172,堡林 悼备,2017012921,44.0,35.0
385173,堡林 悼备,2017012922,48.0,32.0
385174,堡林 悼备,2017012923,53.0,27.0
385175,堡林 悼备,2017012924,27.0,23.0
385176,堡林 悼备,2017013001,18.0,16.0
385177,堡林 悼备,2017013002,16.0,11.0
385178,堡林 悼备,2017013003,12.0,9.0
385179,堡林 悼备,2017013004,11.0,6.0
385180,堡林 悼备,2017013005,15.0,7.0
385181,堡林 悼备,2017013006,25.0,17.0
385182,堡林 悼备,2017013007,81.0,52.0
385183,堡林 悼备,2017013008,73.0,43.0
385184,堡林 悼备,2017013009,52.0,31.0
385185,堡林 悼备,2017013010,58.0,27.0
385186,堡林 悼备,2017013011,56.0,32.0
385187,堡林 悼备,2017013012,50.0,25.0
385188,堡林 悼备,2017013013,32.0,11.0
385189,堡林 悼备,2017013014,27.0,11.0
385190,堡林 悼备,2017013015,25.0,9.0
385191,堡林 悼备,2017013016,25.0,7.0
385192,堡林 悼备,2017013017,21.0,6.0
385193,堡林 悼备,2017013018,23.0,7.0
385194,堡林 悼备,2017013019,23.0,10.0
385195,堡林 悼备,2017013020,23.0,8.0
385196,堡林 悼备,2017013021,22.0,6.0
385197,堡林 悼备,2017013022,21.0,6.0
385198,堡林 悼备,2017013023,21.0,9.0
385199,堡林 悼备,2017013024,23.0,8.0
385200,堡林 悼备,2017013101,19.0,9.0
385201,堡林 悼备,2017013102,23.0,11.0
385202,堡林 悼备,2017013103,21.0,11.0
385203,堡林 悼备,2017013104,17.0,10.0
385204,堡林 悼备,2017013105,20.0,12.0
385205,堡林 悼备,2017013106,15.0,10.0
385206,堡林 悼备,2017013107,18.0,10.0
385207,堡林 悼备,2017013108,17.0,9.0
385208,堡林 悼备,2017013109,25.0,15.0
385209,堡林 悼备,2017013110,34.0,24.0
385210,堡林 悼备,2017013111,28.0,17.0
385211,堡林 悼备,2017013112,30.0,18.0
385212,堡林 悼备,2017013113,30.0,18.0
385213,堡林 悼备,2017013114,28.0,15.0
385214,堡林 悼备,2017013115,23.0,12.0
385215,堡林 悼备,2017013116,,
385216,堡林 悼备,2017013117,24.0,4.0
385217,堡林 悼备,2017013118,24.0,4.0
385218,堡林 悼备,2017013119,30.0,13.0
385219,堡林 悼备,2017013120,28.0,13.0
385220,堡林 悼备,2017013121,30.0,10.0
385221,堡林 悼备,2017013122,27.0,14.0
385222,堡林 悼备,2017013123,33.0,13.0
385223,堡林 悼备,2017013124,36.0,17.0
385224,堡林 悼备,2017020101,32.0,16.0
385225,堡林 悼备,2017020102,38.0,26.0
385226,堡林 悼备,2017020103,35.0,21.0
385227,堡林 悼备,2017020104,35.0,21.0
385228,堡林 悼备,2017020105,29.0,16.0
385229,堡林 悼备,2017020106,27.0,14.0
385230,堡林 悼备,2017020107,20.0,13.0
385231,堡林 悼备,2017020108,23.0,11.0
385232,堡林 悼备,2017020109,31.0,17.0
385233,堡林 悼备,2017020110,34.0,8.0
385234,堡林 悼备,2017020111,32.0,13.0
385235,堡林 悼备,2017020112,30.0,13.0
385236,堡林 悼备,2017020113,36.0,16.0
385237,堡林 悼备,2017020114,46.0,25.0
385238,堡林 悼备,2017020115,46.0,20.0
385239,堡林 悼备,2017020116,50.0,16.0
385240,堡林 悼备,2017020117,39.0,9.0
385241,堡林 悼备,2017020118,27.0,6.0
385242,堡林 悼备,2017020119,27.0,3.0
385243,堡林 悼备,2017020120,27.0,3.0
385244,堡林 悼备,2017020121,16.0,1.0
385245,堡林 悼备,2017020122,22.0,4.0
385246,堡林 悼备,2017020123,15.0,3.0
385247,堡林 悼备,2017020124,19.0,4.0
385248,堡林 悼备,2017020201,22.0,5.0
385249,堡林 悼备,2017020202,22.0,5.0
385250,堡林 悼备,2017020203,18.0,3.0
385251,堡林 悼备,2017020204,23.0,4.0
385252,堡林 悼备,2017020205,17.0,2.0
385253,堡林 悼备,2017020206,15.0,1.0
385254,堡林 悼备,2017020207,22.0,3.0
385255,堡林 悼备,2017020208,21.0,4.0
385256,堡林 悼备,2017020209,32.0,7.0
385257,堡林 悼备,2017020210,33.0,6.0
385258,堡林 悼备,2017020211,26.0,5.0
385259,堡林 悼备,2017020212,20.0,4.0
385260,堡林 悼备,2017020213,13.0,6.0
385261,堡林 悼备,2017020214,8.0,3.0
385262,堡林 悼备,2017020215,6.0,2.0
385263,堡林 悼备,2017020216,7.0,4.0
385264,堡林 悼备,2017020217,11.0,5.0
385265,堡林 悼备,2017020218,12.0,4.0
385266,堡林 悼备,2017020219,12.0,5.0
385267,堡林 悼备,2017020220,17.0,2.0
385268,堡林 悼备,2017020221,19.0,1.0
385269,堡林 悼备,2017020222,25.0,5.0
385270,堡林 悼备,2017020223,16.0,6.0
385271,堡林 悼备,2017020224,23.0,7.0
385272,堡林 悼备,2017020301,21.0,5.0
385273,堡林 悼备,2017020302,22.0,3.0
385274,堡林 悼备,2017020303,19.0,4.0
385275,堡林 悼备,2017020304,25.0,7.0
385276,堡林 悼备,2017020305,23.0,8.0
385277,堡林 悼备,2017020306,24.0,9.0
385278,堡林 悼备,2017020307,25.0,12.0
385279,堡林 悼备,2017020308,30.0,11.0
385280,堡林 悼备,2017020309,38.0,21.0
385281,堡林 悼备,2017020310,54.0,30.0
385282,堡林 悼备,2017020311,67.0,36.0
385283,堡林 悼备,2017020312,48.0,20.0
385284,堡林 悼备,2017020313,24.0,10.0
385285,堡林 悼备,2017020314,36.0,17.0
385286,堡林 悼备,2017020315,46.0,25.0
385287,堡林 悼备,2017020316,49.0,20.0
385288,堡林 悼备,2017020317,48.0,22.0
385289,堡林 悼备,2017020318,53.0,29.0
385290,堡林 悼备,2017020319,63.0,33.0
385291,堡林 悼备,2017020320,77.0,40.0
385292,堡林 悼备,2017020321,79.0,42.0
385293,堡林 悼备,2017020322,64.0,40.0
385294,堡林 悼备,2017020323,75.0,41.0
385295,堡林 悼备,2017020324,78.0,41.0
385296,堡林 悼备,2017020401,72.0,36.0
385297,堡林 悼备,2017020402,62.0,40.0
385298,堡林 悼备,2017020403,60.0,44.0
385299,堡林 悼备,2017020404,59.0,36.0
385300,堡林 悼备,2017020405,58.0,36.0
385301,堡林 悼备,2017020406,59.0,39.0
385302,堡林 悼备,2017020407,69.0,47.0
385303,堡林 悼备,2017020408,59.0,40.0
385304,堡林 悼备,2017020409,80.0,52.0
385305,堡林 悼备,2017020410,84.0,49.0
385306,堡林 悼备,2017020411,91.0,51.0
385307,堡林 悼备,2017020412,99.0,56.0
385308,堡林 悼备,2017020413,97.0,53.0
385309,堡林 悼备,2017020414,90.0,51.0
385310,堡林 悼备,2017020415,90.0,47.0
385311,堡林 悼备,2017020416,88.0,51.0
385312,堡林 悼备,2017020417,50.0,27.0
385313,堡林 悼备,2017020418,43.0,19.0
385314,堡林 悼备,2017020419,57.0,34.0
385315,堡林 悼备,2017020420,22.0,6.0
385316,堡林 悼备,2017020421,27.0,7.0
385317,堡林 悼备,2017020422,20.0,8.0
385318,堡林 悼备,2017020423,10.0,6.0
385319,堡林 悼备,2017020424,11.0,5.0
385320,堡林 悼备,2017020501,13.0,5.0
385321,堡林 悼备,2017020502,11.0,5.0
385322,堡林 悼备,2017020503,13.0,5.0
385323,堡林 悼备,2017020504,15.0,8.0
385324,堡林 悼备,2017020505,16.0,8.0
385325,堡林 悼备,2017020506,17.0,13.0
385326,堡林 悼备,2017020507,17.0,13.0
385327,堡林 悼备,2017020508,22.0,16.0
385328,堡林 悼备,2017020509,26.0,14.0
385329,堡林 悼备,2017020510,33.0,20.0
385330,堡林 悼备,2017020511,41.0,27.0
385331,堡林 悼备,2017020512,37.0,30.0
385332,堡林 悼备,2017020513,34.0,23.0
385333,堡林 悼备,2017020514,28.0,16.0
385334,堡林 悼备,2017020515,16.0,9.0
385335,堡林 悼备,2017020516,22.0,12.0
385336,堡林 悼备,2017020517,44.0,34.0
385337,堡林 悼备,2017020518,48.0,35.0
385338,堡林 悼备,2017020519,51.0,38.0
385339,堡林 悼备,2017020520,42.0,31.0
385340,堡林 悼备,2017020521,47.0,29.0
385341,堡林 悼备,2017020522,53.0,43.0
385342,堡林 悼备,2017020523,59.0,43.0
385343,堡林 悼备,2017020524,68.0,44.0
385344,堡林 悼备,2017020601,75.0,54.0
385345,堡林 悼备,2017020602,76.0,57.0
385346,堡林 悼备,2017020603,65.0,45.0
385347,堡林 悼备,2017020604,38.0,13.0
385348,堡林 悼备,2017020605,32.0,15.0
385349,堡林 悼备,2017020606,35.0,14.0
385350,堡林 悼备,2017020607,34.0,14.0
385351,堡林 悼备,2017020608,35.0,14.0
385352,堡林 悼备,2017020609,33.0,13.0
385353,堡林 悼备,2017020610,36.0,15.0
385354,堡林 悼备,2017020611,32.0,7.0
385355,堡林 悼备,2017020612,28.0,6.0
385356,堡林 悼备,2017020613,35.0,3.0
385357,堡林 悼备,2017020614,30.0,1.0
385358,堡林 悼备,2017020615,30.0,2.0
385359,堡林 悼备,2017020616,25.0,2.0
385360,堡林 悼备,2017020617,26.0,1.0
385361,堡林 悼备,2017020618,25.0,1.0
385362,堡林 悼备,2017020619,23.0,2.0
385363,堡林 悼备,2017020620,31.0,7.0
385364,堡林 悼备,2017020621,28.0,8.0
385365,堡林 悼备,2017020622,31.0,7.0
385366,堡林 悼备,2017020623,31.0,6.0
385367,堡林 悼备,2017020624,31.0,7.0
385368,堡林 悼备,2017020701,32.0,7.0
385369,堡林 悼备,2017020702,28.0,11.0
385370,堡林 悼备,2017020703,29.0,11.0
385371,堡林 悼备,2017020704,25.0,8.0
385372,堡林 悼备,2017020705,28.0,15.0
385373,堡林 悼备,2017020706,32.0,12.0
385374,堡林 悼备,2017020707,32.0,15.0
385375,堡林 悼备,2017020708,31.0,14.0
385376,堡林 悼备,2017020709,39.0,18.0
385377,堡林 悼备,2017020710,41.0,19.0
385378,堡林 悼备,2017020711,48.0,22.0
385379,堡林 悼备,2017020712,52.0,23.0
385380,堡林 悼备,2017020713,40.0,16.0
385381,堡林 悼备,2017020714,30.0,12.0
385382,堡林 悼备,2017020715,29.0,10.0
385383,堡林 悼备,2017020716,28.0,8.0
385384,堡林 悼备,2017020717,33.0,13.0
385385,堡林 悼备,2017020718,28.0,11.0
385386,堡林 悼备,2017020719,34.0,13.0
385387,堡林 悼备,2017020720,42.0,21.0
385388,堡林 悼备,2017020721,51.0,23.0
385389,堡林 悼备,2017020722,42.0,21.0
385390,堡林 悼备,2017020723,39.0,21.0
385391,堡林 悼备,2017020724,48.0,18.0
385392,堡林 悼备,2017020801,41.0,21.0
385393,堡林 悼备,2017020802,42.0,22.0
385394,堡林 悼备,2017020803,38.0,23.0
385395,堡林 悼备,2017020804,36.0,19.0
385396,堡林 悼备,2017020805,37.0,15.0
385397,堡林 悼备,2017020806,37.0,18.0
385398,堡林 悼备,2017020807,36.0,16.0
385399,堡林 悼备,2017020808,36.0,17.0
385400,堡林 悼备,2017020809,40.0,20.0
385401,堡林 悼备,2017020810,49.0,20.0
385402,堡林 悼备,2017020811,46.0,25.0
385403,堡林 悼备,2017020812,41.0,18.0
385404,堡林 悼备,2017020813,34.0,19.0
385405,堡林 悼备,2017020814,23.0,5.0
385406,堡林 悼备,2017020815,27.0,6.0
385407,堡林 悼备,2017020816,23.0,6.0
385408,堡林 悼备,2017020817,31.0,5.0
385409,堡林 悼备,2017020818,31.0,3.0
385410,堡林 悼备,2017020819,35.0,3.0
385411,堡林 悼备,2017020820,22.0,4.0
385412,堡林 悼备,2017020821,22.0,3.0
385413,堡林 悼备,2017020822,20.0,2.0
385414,堡林 悼备,2017020823,15.0,2.0
385415,堡林 悼备,2017020824,19.0,3.0
385416,堡林 悼备,2017020901,23.0,5.0
385417,堡林 悼备,2017020902,32.0,7.0
385418,堡林 悼备,2017020903,29.0,5.0
385419,堡林 悼备,2017020904,25.0,10.0
385420,堡林 悼备,2017020905,25.0,7.0
385421,堡林 悼备,2017020906,33.0,11.0
385422,堡林 悼备,2017020907,33.0,10.0
385423,堡林 悼备,2017020908,44.0,6.0
385424,堡林 悼备,2017020909,37.0,12.0
385425,堡林 悼备,2017020910,36.0,9.0
385426,堡林 悼备,2017020911,43.0,10.0
385427,堡林 悼备,2017020912,59.0,8.0
385428,堡林 悼备,2017020913,67.0,7.0
385429,堡林 悼备,2017020914,60.0,6.0
385430,堡林 悼备,2017020915,57.0,8.0
385431,堡林 悼备,2017020916,59.0,11.0
385432,堡林 悼备,2017020917,30.0,7.0
385433,堡林 悼备,2017020918,26.0,3.0
385434,堡林 悼备,2017020919,23.0,2.0
385435,堡林 悼备,2017020920,20.0,1.0
385436,堡林 悼备,2017020921,17.0,1.0
385437,堡林 悼备,2017020922,15.0,2.0
385438,堡林 悼备,2017020923,12.0,1.0
385439,堡林 悼备,2017020924,27.0,2.0
385440,堡林 悼备,2017021001,21.0,3.0
385441,堡林 悼备,2017021002,17.0,1.0
385442,堡林 悼备,2017021003,20.0,2.0
385443,堡林 悼备,2017021004,12.0,2.0
385444,堡林 悼备,2017021005,13.0,2.0
385445,堡林 悼备,2017021006,13.0,2.0
385446,堡林 悼备,2017021007,22.0,5.0
385447,堡林 悼备,2017021008,34.0,11.0
385448,堡林 悼备,2017021009,34.0,11.0
385449,堡林 悼备,2017021010,36.0,11.0
385450,堡林 悼备,2017021011,40.0,12.0
385451,堡林 悼备,2017021012,39.0,12.0
385452,堡林 悼备,2017021013,31.0,14.0
385453,堡林 悼备,2017021014,27.0,10.0
385454,堡林 悼备,2017021015,34.0,8.0
385455,堡林 悼备,2017021016,28.0,9.0
385456,堡林 悼备,2017021017,30.0,10.0
385457,堡林 悼备,2017021018,26.0,9.0
385458,堡林 悼备,2017021019,21.0,11.0
385459,堡林 悼备,2017021020,25.0,9.0
385460,堡林 悼备,2017021021,28.0,9.0
385461,堡林 悼备,2017021022,18.0,9.0
385462,堡林 悼备,2017021023,21.0,7.0
385463,堡林 悼备,2017021024,11.0,3.0
385464,堡林 悼备,2017021101,11.0,1.0
385465,堡林 悼备,2017021102,11.0,4.0
385466,堡林 悼备,2017021103,19.0,4.0
385467,堡林 悼备,2017021104,18.0,8.0
385468,堡林 悼备,2017021105,19.0,6.0
385469,堡林 悼备,2017021106,18.0,6.0
385470,堡林 悼备,2017021107,21.0,8.0
385471,堡林 悼备,2017021108,19.0,7.0
385472,堡林 悼备,2017021109,27.0,15.0
385473,堡林 悼备,2017021110,28.0,11.0
385474,堡林 悼备,2017021111,33.0,14.0
385475,堡林 悼备,2017021112,31.0,13.0
385476,堡林 悼备,2017021113,27.0,10.0
385477,堡林 悼备,2017021114,19.0,6.0
385478,堡林 悼备,2017021115,17.0,4.0
385479,堡林 悼备,2017021116,19.0,8.0
385480,堡林 悼备,2017021117,21.0,6.0
385481,堡林 悼备,2017021118,19.0,4.0
385482,堡林 悼备,2017021119,17.0,5.0
385483,堡林 悼备,2017021120,21.0,8.0
385484,堡林 悼备,2017021121,20.0,5.0
385485,堡林 悼备,2017021122,19.0,3.0
385486,堡林 悼备,2017021123,16.0,3.0
385487,堡林 悼备,2017021124,21.0,3.0
385488,堡林 悼备,2017021201,22.0,3.0
385489,堡林 悼备,2017021202,21.0,5.0
385490,堡林 悼备,2017021203,15.0,4.0
385491,堡林 悼备,2017021204,17.0,3.0
385492,堡林 悼备,2017021205,23.0,3.0
385493,堡林 悼备,2017021206,18.0,2.0
385494,堡林 悼备,2017021207,23.0,2.0
385495,堡林 悼备,2017021208,24.0,2.0
385496,堡林 悼备,2017021209,29.0,9.0
385497,堡林 悼备,2017021210,22.0,8.0
385498,堡林 悼备,2017021211,22.0,6.0
385499,堡林 悼备,2017021212,25.0,9.0
385500,堡林 悼备,2017021213,28.0,6.0
385501,堡林 悼备,2017021214,19.0,5.0
385502,堡林 悼备,2017021215,23.0,3.0
385503,堡林 悼备,2017021216,25.0,3.0
385504,堡林 悼备,2017021217,18.0,3.0
385505,堡林 悼备,2017021218,19.0,2.0
385506,堡林 悼备,2017021219,19.0,2.0
385507,堡林 悼备,2017021220,16.0,1.0
385508,堡林 悼备,2017021221,19.0,3.0
385509,堡林 悼备,2017021222,17.0,1.0
385510,堡林 悼备,2017021223,17.0,3.0
385511,堡林 悼备,2017021224,13.0,1.0
385512,堡林 悼备,2017021301,14.0,2.0
385513,堡林 悼备,2017021302,15.0,4.0
385514,堡林 悼备,2017021303,10.0,3.0
385515,堡林 悼备,2017021304,14.0,5.0
385516,堡林 悼备,2017021305,12.0,8.0
385517,堡林 悼备,2017021306,18.0,6.0
385518,堡林 悼备,2017021307,14.0,7.0
385519,堡林 悼备,2017021308,21.0,6.0
385520,堡林 悼备,2017021309,28.0,16.0
385521,堡林 悼备,2017021310,38.0,28.0
385522,堡林 悼备,2017021311,40.0,24.0
385523,堡林 悼备,2017021312,69.0,43.0
385524,堡林 悼备,2017021313,56.0,29.0
385525,堡林 悼备,2017021314,60.0,39.0
385526,堡林 悼备,2017021315,43.0,14.0
385527,堡林 悼备,2017021316,32.0,16.0
385528,堡林 悼备,2017021317,40.0,14.0
385529,堡林 悼备,2017021318,34.0,11.0
385530,堡林 悼备,2017021319,,
385531,堡林 悼备,2017021320,25.0,10.0
385532,堡林 悼备,2017021321,29.0,9.0
385533,堡林 悼备,2017021322,27.0,10.0
385534,堡林 悼备,2017021323,35.0,20.0
385535,堡林 悼备,2017021324,57.0,34.0
385536,堡林 悼备,2017021401,85.0,51.0
385537,堡林 悼备,2017021402,108.0,73.0
385538,堡林 悼备,2017021403,141.0,104.0
385539,堡林 悼备,2017021404,130.0,88.0
385540,堡林 悼备,2017021405,119.0,89.0
385541,堡林 悼备,2017021406,114.0,81.0
385542,堡林 悼备,2017021407,90.0,66.0
385543,堡林 悼备,2017021408,56.0,39.0
385544,堡林 悼备,2017021409,59.0,42.0
385545,堡林 悼备,2017021410,57.0,35.0
385546,堡林 悼备,2017021411,57.0,29.0
385547,堡林 悼备,2017021412,70.0,34.0
385548,堡林 悼备,2017021413,59.0,37.0
385549,堡林 悼备,2017021414,52.0,28.0
385550,堡林 悼备,2017021415,46.0,25.0
385551,堡林 悼备,2017021416,45.0,19.0
385552,堡林 悼备,2017021417,34.0,18.0
385553,堡林 悼备,2017021418,41.0,15.0
385554,堡林 悼备,2017021419,38.0,15.0
385555,堡林 悼备,2017021420,48.0,24.0
385556,堡林 悼备,2017021421,49.0,26.0
385557,堡林 悼备,2017021422,63.0,40.0
385558,堡林 悼备,2017021423,58.0,38.0
385559,堡林 悼备,2017021424,61.0,36.0
385560,堡林 悼备,2017021501,58.0,40.0
385561,堡林 悼备,2017021502,53.0,34.0
385562,堡林 悼备,2017021503,54.0,37.0
385563,堡林 悼备,2017021504,42.0,27.0
385564,堡林 悼备,2017021505,42.0,26.0
385565,堡林 悼备,2017021506,44.0,32.0
385566,堡林 悼备,2017021507,43.0,29.0
385567,堡林 悼备,2017021508,47.0,28.0
385568,堡林 悼备,2017021509,51.0,33.0
385569,堡林 悼备,2017021510,65.0,48.0
385570,堡林 悼备,2017021511,76.0,49.0
385571,堡林 悼备,2017021512,92.0,52.0
385572,堡林 悼备,2017021513,87.0,55.0
385573,堡林 悼备,2017021514,66.0,29.0
385574,堡林 悼备,2017021515,46.0,19.0
385575,堡林 悼备,2017021516,47.0,19.0
385576,堡林 悼备,2017021517,33.0,11.0
385577,堡林 悼备,2017021518,43.0,22.0
385578,堡林 悼备,2017021519,57.0,29.0
385579,堡林 悼备,2017021520,61.0,38.0
385580,堡林 悼备,2017021521,60.0,35.0
385581,堡林 悼备,2017021522,57.0,33.0
385582,堡林 悼备,2017021523,53.0,33.0
385583,堡林 悼备,2017021524,57.0,36.0
385584,堡林 悼备,2017021601,54.0,36.0
385585,堡林 悼备,2017021602,48.0,36.0
385586,堡林 悼备,2017021603,45.0,29.0
385587,堡林 悼备,2017021604,41.0,28.0
385588,堡林 悼备,2017021605,40.0,22.0
385589,堡林 悼备,2017021606,37.0,24.0
385590,堡林 悼备,2017021607,36.0,18.0
385591,堡林 悼备,2017021608,38.0,24.0
385592,堡林 悼备,2017021609,47.0,29.0
385593,堡林 悼备,2017021610,89.0,62.0
385594,堡林 悼备,2017021611,93.0,55.0
385595,堡林 悼备,2017021612,83.0,49.0
385596,堡林 悼备,2017021613,25.0,1.0
385597,堡林 悼备,2017021614,20.0,6.0
385598,堡林 悼备,2017021615,37.0,8.0
385599,堡林 悼备,2017021616,33.0,13.0
385600,堡林 悼备,2017021617,44.0,17.0
385601,堡林 悼备,2017021618,32.0,9.0
385602,堡林 悼备,2017021619,32.0,11.0
385603,堡林 悼备,2017021620,29.0,15.0
385604,堡林 悼备,2017021621,22.0,9.0
385605,堡林 悼备,2017021622,20.0,8.0
385606,堡林 悼备,2017021623,13.0,8.0
385607,堡林 悼备,2017021624,12.0,6.0
385608,堡林 悼备,2017021701,16.0,7.0
385609,堡林 悼备,2017021702,25.0,10.0
385610,堡林 悼备,2017021703,25.0,15.0
385611,堡林 悼备,2017021704,35.0,19.0
385612,堡林 悼备,2017021705,37.0,24.0
385613,堡林 悼备,2017021706,64.0,45.0
385614,堡林 悼备,2017021707,68.0,50.0
385615,堡林 悼备,2017021708,77.0,60.0
385616,堡林 悼备,2017021709,59.0,41.0
385617,堡林 悼备,2017021710,51.0,36.0
385618,堡林 悼备,2017021711,41.0,24.0
385619,堡林 悼备,2017021712,37.0,17.0
385620,堡林 悼备,2017021713,46.0,13.0
385621,堡林 悼备,2017021714,39.0,8.0
385622,堡林 悼备,2017021715,35.0,2.0
385623,堡林 悼备,2017021716,29.0,3.0
385624,堡林 悼备,2017021717,26.0,1.0
385625,堡林 悼备,2017021718,27.0,3.0
385626,堡林 悼备,2017021719,32.0,3.0
385627,堡林 悼备,2017021720,33.0,2.0
385628,堡林 悼备,2017021721,43.0,4.0
385629,堡林 悼备,2017021722,28.0,6.0
385630,堡林 悼备,2017021723,26.0,6.0
385631,堡林 悼备,2017021724,25.0,5.0
385632,堡林 悼备,2017021801,22.0,4.0
385633,堡林 悼备,2017021802,20.0,3.0
385634,堡林 悼备,2017021803,19.0,3.0
385635,堡林 悼备,2017021804,20.0,2.0
385636,堡林 悼备,2017021805,23.0,3.0
385637,堡林 悼备,2017021806,19.0,3.0
385638,堡林 悼备,2017021807,19.0,2.0
385639,堡林 悼备,2017021808,22.0,6.0
385640,堡林 悼备,2017021809,27.0,7.0
385641,堡林 悼备,2017021810,38.0,7.0
385642,堡林 悼备,2017021811,33.0,6.0
385643,堡林 悼备,2017021812,29.0,6.0
385644,堡林 悼备,2017021813,24.0,4.0
385645,堡林 悼备,2017021814,15.0,1.0
385646,堡林 悼备,2017021815,21.0,2.0
385647,堡林 悼备,2017021816,21.0,2.0
385648,堡林 悼备,2017021817,31.0,2.0
385649,堡林 悼备,2017021818,23.0,3.0
385650,堡林 悼备,2017021819,23.0,1.0
385651,堡林 悼备,2017021820,20.0,3.0
385652,堡林 悼备,2017021821,24.0,5.0
385653,堡林 悼备,2017021822,28.0,4.0
385654,堡林 悼备,2017021823,28.0,7.0
385655,堡林 悼备,2017021824,29.0,5.0
385656,堡林 悼备,2017021901,29.0,5.0
385657,堡林 悼备,2017021902,31.0,10.0
385658,堡林 悼备,2017021903,30.0,8.0
385659,堡林 悼备,2017021904,21.0,6.0
385660,堡林 悼备,2017021905,22.0,8.0
385661,堡林 悼备,2017021906,20.0,7.0
385662,堡林 悼备,2017021907,24.0,9.0
385663,堡林 悼备,2017021908,24.0,10.0
385664,堡林 悼备,2017021909,31.0,11.0
385665,堡林 悼备,2017021910,37.0,14.0
385666,堡林 悼备,2017021911,49.0,21.0
385667,堡林 悼备,2017021912,47.0,20.0
385668,堡林 悼备,2017021913,55.0,18.0
385669,堡林 悼备,2017021914,51.0,13.0
385670,堡林 悼备,2017021915,49.0,10.0
385671,堡林 悼备,2017021916,44.0,8.0
385672,堡林 悼备,2017021917,47.0,13.0
385673,堡林 悼备,2017021918,47.0,15.0
385674,堡林 悼备,2017021919,50.0,11.0
385675,堡林 悼备,2017021920,42.0,15.0
385676,堡林 悼备,2017021921,48.0,11.0
385677,堡林 悼备,2017021922,53.0,14.0
385678,堡林 悼备,2017021923,52.0,17.0
385679,堡林 悼备,2017021924,55.0,17.0
385680,堡林 悼备,2017022001,61.0,20.0
385681,堡林 悼备,2017022002,53.0,20.0
385682,堡林 悼备,2017022003,50.0,21.0
385683,堡林 悼备,2017022004,50.0,21.0
385684,堡林 悼备,2017022005,54.0,24.0
385685,堡林 悼备,2017022006,18.0,7.0
385686,堡林 悼备,2017022007,23.0,16.0
385687,堡林 悼备,2017022008,12.0,5.0
385688,堡林 悼备,2017022009,13.0,7.0
385689,堡林 悼备,2017022010,40.0,22.0
385690,堡林 悼备,2017022011,43.0,21.0
385691,堡林 悼备,2017022012,60.0,16.0
385692,堡林 悼备,2017022013,64.0,13.0
385693,堡林 悼备,2017022014,50.0,10.0
385694,堡林 悼备,2017022015,43.0,9.0
385695,堡林 悼备,2017022016,40.0,9.0
385696,堡林 悼备,2017022017,32.0,5.0
385697,堡林 悼备,2017022018,38.0,12.0
385698,堡林 悼备,2017022019,31.0,10.0
385699,堡林 悼备,2017022020,30.0,7.0
385700,堡林 悼备,2017022021,31.0,7.0
385701,堡林 悼备,2017022022,30.0,8.0
385702,堡林 悼备,2017022023,26.0,7.0
385703,堡林 悼备,2017022024,25.0,8.0
385704,堡林 悼备,2017022101,27.0,9.0
385705,堡林 悼备,2017022102,28.0,6.0
385706,堡林 悼备,2017022103,25.0,6.0
385707,堡林 悼备,2017022104,28.0,7.0
385708,堡林 悼备,2017022105,28.0,8.0
385709,堡林 悼备,2017022106,29.0,8.0
385710,堡林 悼备,2017022107,30.0,12.0
385711,堡林 悼备,2017022108,36.0,13.0
385712,堡林 悼备,2017022109,37.0,17.0
385713,堡林 悼备,2017022110,56.0,25.0
385714,堡林 悼备,2017022111,50.0,23.0
385715,堡林 悼备,2017022112,60.0,24.0
385716,堡林 悼备,2017022113,48.0,23.0
385717,堡林 悼备,2017022114,49.0,23.0
385718,堡林 悼备,2017022115,56.0,27.0
385719,堡林 悼备,2017022116,61.0,31.0
385720,堡林 悼备,2017022117,57.0,30.0
385721,堡林 悼备,2017022118,54.0,30.0
385722,堡林 悼备,2017022119,52.0,27.0
385723,堡林 悼备,2017022120,52.0,32.0
385724,堡林 悼备,2017022121,42.0,17.0
385725,堡林 悼备,2017022122,38.0,22.0
385726,堡林 悼备,2017022123,47.0,21.0
385727,堡林 悼备,2017022124,51.0,28.0
385728,堡林 悼备,2017022201,49.0,25.0
385729,堡林 悼备,2017022202,43.0,20.0
385730,堡林 悼备,2017022203,33.0,14.0
385731,堡林 悼备,2017022204,30.0,14.0
385732,堡林 悼备,2017022205,27.0,14.0
385733,堡林 悼备,2017022206,17.0,7.0
385734,堡林 悼备,2017022207,13.0,3.0
385735,堡林 悼备,2017022208,13.0,3.0
385736,堡林 悼备,2017022209,15.0,2.0
385737,堡林 悼备,2017022210,20.0,7.0
385738,堡林 悼备,2017022211,21.0,13.0
385739,堡林 悼备,2017022212,17.0,9.0
385740,堡林 悼备,2017022213,19.0,9.0
385741,堡林 悼备,2017022214,12.0,7.0
385742,堡林 悼备,2017022215,14.0,6.0
385743,堡林 悼备,2017022216,10.0,5.0
385744,堡林 悼备,2017022217,17.0,7.0
385745,堡林 悼备,2017022218,13.0,6.0
385746,堡林 悼备,2017022219,15.0,12.0
385747,堡林 悼备,2017022220,14.0,9.0
385748,堡林 悼备,2017022221,13.0,10.0
385749,堡林 悼备,2017022222,7.0,3.0
385750,堡林 悼备,2017022223,7.0,2.0
385751,堡林 悼备,2017022224,9.0,6.0
385752,堡林 悼备,2017022301,22.0,12.0
385753,堡林 悼备,2017022302,29.0,12.0
385754,堡林 悼备,2017022303,25.0,9.0
385755,堡林 悼备,2017022304,15.0,7.0
385756,堡林 悼备,2017022305,16.0,5.0
385757,堡林 悼备,2017022306,19.0,4.0
385758,堡林 悼备,2017022307,23.0,7.0
385759,堡林 悼备,2017022308,30.0,16.0
385760,堡林 悼备,2017022309,32.0,18.0
385761,堡林 悼备,2017022310,40.0,25.0
385762,堡林 悼备,2017022311,45.0,19.0
385763,堡林 悼备,2017022312,34.0,16.0
385764,堡林 悼备,2017022313,44.0,9.0
385765,堡林 悼备,2017022314,38.0,5.0
385766,堡林 悼备,2017022315,47.0,4.0
385767,堡林 悼备,2017022316,42.0,3.0
385768,堡林 悼备,2017022317,28.0,1.0
385769,堡林 悼备,2017022318,21.0,2.0
385770,堡林 悼备,2017022319,25.0,1.0
385771,堡林 悼备,2017022320,22.0,3.0
385772,堡林 悼备,2017022321,21.0,3.0
385773,堡林 悼备,2017022322,21.0,4.0
385774,堡林 悼备,2017022323,17.0,4.0
385775,堡林 悼备,2017022324,19.0,4.0
385776,堡林 悼备,2017022401,19.0,5.0
385777,堡林 悼备,2017022402,27.0,3.0
385778,堡林 悼备,2017022403,16.0,3.0
385779,堡林 悼备,2017022404,18.0,5.0
385780,堡林 悼备,2017022405,20.0,4.0
385781,堡林 悼备,2017022406,18.0,2.0
385782,堡林 悼备,2017022407,20.0,1.0
385783,堡林 悼备,2017022408,27.0,5.0
385784,堡林 悼备,2017022409,30.0,10.0
385785,堡林 悼备,2017022410,29.0,6.0
385786,堡林 悼备,2017022411,26.0,7.0
385787,堡林 悼备,2017022412,17.0,8.0
385788,堡林 悼备,2017022413,17.0,5.0
385789,堡林 悼备,2017022414,12.0,2.0
385790,堡林 悼备,2017022415,21.0,4.0
385791,堡林 悼备,2017022416,35.0,8.0
385792,堡林 悼备,2017022417,39.0,18.0
385793,堡林 悼备,2017022418,32.0,11.0
385794,堡林 悼备,2017022419,31.0,10.0
385795,堡林 悼备,2017022420,33.0,7.0
385796,堡林 悼备,2017022421,28.0,8.0
385797,堡林 悼备,2017022422,21.0,7.0
385798,堡林 悼备,2017022423,28.0,7.0
385799,堡林 悼备,2017022424,29.0,6.0
385800,堡林 悼备,2017022501,28.0,8.0
385801,堡林 悼备,2017022502,24.0,10.0
385802,堡林 悼备,2017022503,23.0,7.0
385803,堡林 悼备,2017022504,20.0,6.0
385804,堡林 悼备,2017022505,18.0,6.0
385805,堡林 悼备,2017022506,16.0,5.0
385806,堡林 悼备,2017022507,21.0,6.0
385807,堡林 悼备,2017022508,28.0,9.0
385808,堡林 悼备,2017022509,31.0,16.0
385809,堡林 悼备,2017022510,52.0,29.0
385810,堡林 悼备,2017022511,69.0,38.0
385811,堡林 悼备,2017022512,74.0,41.0
385812,堡林 悼备,2017022513,54.0,28.0
385813,堡林 悼备,2017022514,44.0,26.0
385814,堡林 悼备,2017022515,27.0,11.0
385815,堡林 悼备,2017022516,24.0,10.0
385816,堡林 悼备,2017022517,22.0,7.0
385817,堡林 悼备,2017022518,29.0,13.0
385818,堡林 悼备,2017022519,21.0,8.0
385819,堡林 悼备,2017022520,27.0,6.0
385820,堡林 悼备,2017022521,33.0,10.0
385821,堡林 悼备,2017022522,33.0,13.0
385822,堡林 悼备,2017022523,30.0,11.0
385823,堡林 悼备,2017022524,37.0,12.0
385824,堡林 悼备,2017022601,34.0,20.0
385825,堡林 悼备,2017022602,51.0,33.0
385826,堡林 悼备,2017022603,69.0,46.0
385827,堡林 悼备,2017022604,74.0,53.0
385828,堡林 悼备,2017022605,78.0,57.0
385829,堡林 悼备,2017022606,80.0,59.0
385830,堡林 悼备,2017022607,84.0,60.0
385831,堡林 悼备,2017022608,82.0,58.0
385832,堡林 悼备,2017022609,82.0,61.0
385833,堡林 悼备,2017022610,98.0,70.0
385834,堡林 悼备,2017022611,89.0,58.0
385835,堡林 悼备,2017022612,70.0,38.0
385836,堡林 悼备,2017022613,35.0,15.0
385837,堡林 悼备,2017022614,39.0,23.0
385838,堡林 悼备,2017022615,41.0,19.0
385839,堡林 悼备,2017022616,34.0,18.0
385840,堡林 悼备,2017022617,33.0,13.0
385841,堡林 悼备,2017022618,34.0,17.0
385842,堡林 悼备,2017022619,36.0,19.0
385843,堡林 悼备,2017022620,36.0,16.0
385844,堡林 悼备,2017022621,48.0,32.0
385845,堡林 悼备,2017022622,38.0,26.0
385846,堡林 悼备,2017022623,50.0,30.0
385847,堡林 悼备,2017022624,50.0,34.0
385848,堡林 悼备,2017022701,45.0,30.0
385849,堡林 悼备,2017022702,47.0,27.0
385850,堡林 悼备,2017022703,46.0,29.0
385851,堡林 悼备,2017022704,42.0,26.0
385852,堡林 悼备,2017022705,45.0,29.0
385853,堡林 悼备,2017022706,51.0,29.0
385854,堡林 悼备,2017022707,51.0,32.0
385855,堡林 悼备,2017022708,52.0,34.0
385856,堡林 悼备,2017022709,57.0,36.0
385857,堡林 悼备,2017022710,67.0,39.0
385858,堡林 悼备,2017022711,91.0,56.0
385859,堡林 悼备,2017022712,91.0,51.0
385860,堡林 悼备,2017022713,66.0,40.0
385861,堡林 悼备,2017022714,55.0,34.0
385862,堡林 悼备,2017022715,,34.0
385863,堡林 悼备,2017022716,40.0,24.0
385864,堡林 悼备,2017022717,40.0,24.0
385865,堡林 悼备,2017022718,37.0,23.0
385866,堡林 悼备,2017022719,43.0,18.0
385867,堡林 悼备,2017022720,29.0,14.0
385868,堡林 悼备,2017022721,40.0,13.0
385869,堡林 悼备,2017022722,36.0,19.0
385870,堡林 悼备,2017022723,34.0,15.0
385871,堡林 悼备,2017022724,32.0,15.0
385872,堡林 悼备,2017022801,31.0,12.0
385873,堡林 悼备,2017022802,24.0,14.0
385874,堡林 悼备,2017022803,27.0,14.0
385875,堡林 悼备,2017022804,27.0,12.0
385876,堡林 悼备,2017022805,23.0,10.0
385877,堡林 悼备,2017022806,19.0,11.0
385878,堡林 悼备,2017022807,22.0,14.0
385879,堡林 悼备,2017022808,27.0,11.0
385880,堡林 悼备,2017022809,48.0,20.0
385881,堡林 悼备,2017022810,57.0,24.0
385882,堡林 悼备,2017022811,65.0,31.0
385883,堡林 悼备,2017022812,66.0,31.0
385884,堡林 悼备,2017022813,66.0,35.0
385885,堡林 悼备,2017022814,57.0,34.0
385886,堡林 悼备,2017022815,48.0,27.0
385887,堡林 悼备,2017022816,50.0,25.0
385888,堡林 悼备,2017022817,39.0,19.0
385889,堡林 悼备,2017022818,54.0,26.0
385890,堡林 悼备,2017022819,68.0,37.0
385891,堡林 悼备,2017022820,64.0,32.0
385892,堡林 悼备,2017022821,59.0,33.0
385893,堡林 悼备,2017022822,69.0,33.0
385894,堡林 悼备,2017022823,56.0,34.0
385895,堡林 悼备,2017022824,53.0,28.0
385896,堡林 悼备,2017030101,57.0,28.0
385897,堡林 悼备,2017030102,51.0,32.0
385898,堡林 悼备,2017030103,49.0,29.0
385899,堡林 悼备,2017030104,48.0,27.0
385900,堡林 悼备,2017030105,52.0,27.0
385901,堡林 悼备,2017030106,51.0,29.0
385902,堡林 悼备,2017030107,47.0,32.0
385903,堡林 悼备,2017030108,51.0,32.0
385904,堡林 悼备,2017030109,56.0,32.0
385905,堡林 悼备,2017030110,73.0,41.0
385906,堡林 悼备,2017030111,84.0,50.0
385907,堡林 悼备,2017030112,69.0,42.0
385908,堡林 悼备,2017030113,80.0,47.0
385909,堡林 悼备,2017030114,44.0,25.0
385910,堡林 悼备,2017030115,36.0,18.0
385911,堡林 悼备,2017030116,37.0,16.0
385912,堡林 悼备,2017030117,35.0,17.0
385913,堡林 悼备,2017030118,37.0,14.0
385914,堡林 悼备,2017030119,26.0,14.0
385915,堡林 悼备,2017030120,18.0,12.0
385916,堡林 悼备,2017030121,25.0,16.0
385917,堡林 悼备,2017030122,22.0,7.0
385918,堡林 悼备,2017030123,19.0,9.0
385919,堡林 悼备,2017030124,22.0,13.0
385920,堡林 悼备,2017030201,30.0,20.0
385921,堡林 悼备,2017030202,63.0,50.0
385922,堡林 悼备,2017030203,16.0,10.0
385923,堡林 悼备,2017030204,8.0,6.0
385924,堡林 悼备,2017030205,22.0,7.0
385925,堡林 悼备,2017030206,33.0,25.0
385926,堡林 悼备,2017030207,32.0,18.0
385927,堡林 悼备,2017030208,28.0,17.0
385928,堡林 悼备,2017030209,46.0,20.0
385929,堡林 悼备,2017030210,41.0,15.0
385930,堡林 悼备,2017030211,44.0,13.0
385931,堡林 悼备,2017030212,36.0,10.0
385932,堡林 悼备,2017030213,35.0,8.0
385933,堡林 悼备,2017030214,37.0,8.0
385934,堡林 悼备,2017030215,35.0,9.0
385935,堡林 悼备,2017030216,33.0,6.0
385936,堡林 悼备,2017030217,27.0,2.0
385937,堡林 悼备,2017030218,36.0,8.0
385938,堡林 悼备,2017030219,33.0,6.0
385939,堡林 悼备,2017030220,31.0,4.0
385940,堡林 悼备,2017030221,34.0,5.0
385941,堡林 悼备,2017030222,28.0,3.0
385942,堡林 悼备,2017030223,26.0,4.0
385943,堡林 悼备,2017030224,27.0,5.0
385944,堡林 悼备,2017030301,23.0,3.0
385945,堡林 悼备,2017030302,21.0,5.0
385946,堡林 悼备,2017030303,20.0,3.0
385947,堡林 悼备,2017030304,22.0,4.0
385948,堡林 悼备,2017030305,20.0,3.0
385949,堡林 悼备,2017030306,18.0,2.0
385950,堡林 悼备,2017030307,22.0,1.0
385951,堡林 悼备,2017030308,22.0,3.0
385952,堡林 悼备,2017030309,36.0,5.0
385953,堡林 悼备,2017030310,52.0,20.0
385954,堡林 悼备,2017030311,47.0,12.0
385955,堡林 悼备,2017030312,45.0,9.0
385956,堡林 悼备,2017030313,31.0,6.0
385957,堡林 悼备,2017030314,28.0,6.0
385958,堡林 悼备,2017030315,31.0,6.0
385959,堡林 悼备,2017030316,40.0,7.0
385960,堡林 悼备,2017030317,30.0,8.0
385961,堡林 悼备,2017030318,26.0,5.0
385962,堡林 悼备,2017030319,35.0,11.0
385963,堡林 悼备,2017030320,48.0,25.0
385964,堡林 悼备,2017030321,53.0,21.0
385965,堡林 悼备,2017030322,53.0,23.0
385966,堡林 悼备,2017030323,48.0,25.0
385967,堡林 悼备,2017030324,49.0,21.0
385968,堡林 悼备,2017030401,40.0,17.0
385969,堡林 悼备,2017030402,40.0,17.0
385970,堡林 悼备,2017030403,36.0,20.0
385971,堡林 悼备,2017030404,36.0,19.0
385972,堡林 悼备,2017030405,40.0,22.0
385973,堡林 悼备,2017030406,39.0,21.0
385974,堡林 悼备,2017030407,40.0,20.0
385975,堡林 悼备,2017030408,36.0,18.0
385976,堡林 悼备,2017030409,47.0,26.0
385977,堡林 悼备,2017030410,51.0,29.0
385978,堡林 悼备,2017030411,79.0,44.0
385979,堡林 悼备,2017030412,79.0,48.0
385980,堡林 悼备,2017030413,69.0,36.0
385981,堡林 悼备,2017030414,38.0,19.0
385982,堡林 悼备,2017030415,29.0,21.0
385983,堡林 悼备,2017030416,30.0,16.0
385984,堡林 悼备,2017030417,27.0,8.0
385985,堡林 悼备,2017030418,19.0,7.0
385986,堡林 悼备,2017030419,27.0,11.0
385987,堡林 悼备,2017030420,42.0,15.0
385988,堡林 悼备,2017030421,31.0,17.0
385989,堡林 悼备,2017030422,40.0,18.0
385990,堡林 悼备,2017030423,42.0,20.0
385991,堡林 悼备,2017030424,33.0,19.0
385992,堡林 悼备,2017030501,39.0,13.0
385993,堡林 悼备,2017030502,29.0,14.0
385994,堡林 悼备,2017030503,25.0,11.0
385995,堡林 悼备,2017030504,23.0,8.0
385996,堡林 悼备,2017030505,22.0,16.0
385997,堡林 悼备,2017030506,26.0,10.0
385998,堡林 悼备,2017030507,23.0,13.0
385999,堡林 悼备,2017030508,31.0,10.0
386000,堡林 悼备,2017030509,30.0,15.0
386001,堡林 悼备,2017030510,47.0,25.0
386002,堡林 悼备,2017030511,44.0,26.0
386003,堡林 悼备,2017030512,50.0,30.0
386004,堡林 悼备,2017030513,66.0,38.0
386005,堡林 悼备,2017030514,59.0,35.0
386006,堡林 悼备,2017030515,53.0,28.0
386007,堡林 悼备,2017030516,29.0,12.0
386008,堡林 悼备,2017030517,23.0,10.0
386009,堡林 悼备,2017030518,21.0,12.0
386010,堡林 悼备,2017030519,39.0,18.0
386011,堡林 悼备,2017030520,41.0,26.0
386012,堡林 悼备,2017030521,36.0,21.0
386013,堡林 悼备,2017030522,69.0,49.0
386014,堡林 悼备,2017030523,69.0,40.0
386015,堡林 悼备,2017030524,63.0,38.0
386016,堡林 悼备,2017030601,78.0,51.0
386017,堡林 悼备,2017030602,108.0,69.0
386018,堡林 悼备,2017030603,76.0,60.0
386019,堡林 悼备,2017030604,96.0,65.0
386020,堡林 悼备,2017030605,75.0,45.0
386021,堡林 悼备,2017030606,37.0,22.0
386022,堡林 悼备,2017030607,37.0,21.0
386023,堡林 悼备,2017030608,34.0,14.0
386024,堡林 悼备,2017030609,37.0,16.0
386025,堡林 悼备,2017030610,36.0,12.0
386026,堡林 悼备,2017030611,39.0,16.0
386027,堡林 悼备,2017030612,39.0,11.0
386028,堡林 悼备,2017030613,35.0,7.0
386029,堡林 悼备,2017030614,19.0,3.0
386030,堡林 悼备,2017030615,30.0,3.0
386031,堡林 悼备,2017030616,38.0,5.0
386032,堡林 悼备,2017030617,38.0,5.0
386033,堡林 悼备,2017030618,31.0,1.0
386034,堡林 悼备,2017030619,23.0,2.0
386035,堡林 悼备,2017030620,20.0,3.0
386036,堡林 悼备,2017030621,24.0,3.0
386037,堡林 悼备,2017030622,24.0,4.0
386038,堡林 悼备,2017030623,21.0,4.0
386039,堡林 悼备,2017030624,28.0,9.0
386040,堡林 悼备,2017030701,16.0,6.0
386041,堡林 悼备,2017030702,24.0,4.0
386042,堡林 悼备,2017030703,19.0,4.0
386043,堡林 悼备,2017030704,20.0,2.0
386044,堡林 悼备,2017030705,15.0,5.0
386045,堡林 悼备,2017030706,22.0,6.0
386046,堡林 悼备,2017030707,20.0,5.0
386047,堡林 悼备,2017030708,27.0,5.0
386048,堡林 悼备,2017030709,22.0,6.0
386049,堡林 悼备,2017030710,21.0,10.0
386050,堡林 悼备,2017030711,21.0,11.0
386051,堡林 悼备,2017030712,20.0,12.0
386052,堡林 悼备,2017030713,36.0,11.0
386053,堡林 悼备,2017030714,35.0,15.0
386054,堡林 悼备,2017030715,31.0,10.0
386055,堡林 悼备,2017030716,34.0,8.0
386056,堡林 悼备,2017030717,29.0,6.0
386057,堡林 悼备,2017030718,29.0,4.0
386058,堡林 悼备,2017030719,26.0,3.0
386059,堡林 悼备,2017030720,28.0,5.0
386060,堡林 悼备,2017030721,22.0,2.0
386061,堡林 悼备,2017030722,22.0,5.0
386062,堡林 悼备,2017030723,20.0,4.0
386063,堡林 悼备,2017030724,19.0,3.0
386064,堡林 悼备,2017030801,19.0,4.0
386065,堡林 悼备,2017030802,22.0,3.0
386066,堡林 悼备,2017030803,20.0,1.0
386067,堡林 悼备,2017030804,20.0,2.0
386068,堡林 悼备,2017030805,22.0,1.0
386069,堡林 悼备,2017030806,19.0,2.0
386070,堡林 悼备,2017030807,19.0,5.0
386071,堡林 悼备,2017030808,14.0,3.0
386072,堡林 悼备,2017030809,21.0,2.0
386073,堡林 悼备,2017030810,18.0,2.0
386074,堡林 悼备,2017030811,23.0,9.0
386075,堡林 悼备,2017030812,30.0,9.0
386076,堡林 悼备,2017030813,32.0,12.0
386077,堡林 悼备,2017030814,46.0,9.0
386078,堡林 悼备,2017030815,48.0,8.0
386079,堡林 悼备,2017030816,58.0,7.0
386080,堡林 悼备,2017030817,48.0,8.0
386081,堡林 悼备,2017030818,50.0,12.0
386082,堡林 悼备,2017030819,45.0,12.0
386083,堡林 悼备,2017030820,40.0,15.0
386084,堡林 悼备,2017030821,46.0,17.0
386085,堡林 悼备,2017030822,47.0,15.0
386086,堡林 悼备,2017030823,48.0,11.0
386087,堡林 悼备,2017030824,49.0,16.0
386088,堡林 悼备,2017030901,46.0,14.0
386089,堡林 悼备,2017030902,45.0,17.0
386090,堡林 悼备,2017030903,47.0,19.0
386091,堡林 悼备,2017030904,42.0,18.0
386092,堡林 悼备,2017030905,43.0,13.0
386093,堡林 悼备,2017030906,34.0,9.0
386094,堡林 悼备,2017030907,33.0,7.0
386095,堡林 悼备,2017030908,38.0,11.0
386096,堡林 悼备,2017030909,38.0,12.0
386097,堡林 悼备,2017030910,41.0,12.0
386098,堡林 悼备,2017030911,51.0,8.0
386099,堡林 悼备,2017030912,39.0,7.0
386100,堡林 悼备,2017030913,37.0,8.0
386101,堡林 悼备,2017030914,56.0,11.0
386102,堡林 悼备,2017030915,59.0,15.0
386103,堡林 悼备,2017030916,63.0,19.0
386104,堡林 悼备,2017030917,67.0,26.0
386105,堡林 悼备,2017030918,77.0,25.0
386106,堡林 悼备,2017030919,60.0,25.0
386107,堡林 悼备,2017030920,68.0,33.0
386108,堡林 悼备,2017030921,79.0,42.0
386109,堡林 悼备,2017030922,95.0,53.0
386110,堡林 悼备,2017030923,98.0,56.0
386111,堡林 悼备,2017030924,93.0,57.0
386112,堡林 悼备,2017031001,92.0,55.0
386113,堡林 悼备,2017031002,93.0,54.0
386114,堡林 悼备,2017031003,96.0,59.0
386115,堡林 悼备,2017031004,95.0,59.0
386116,堡林 悼备,2017031005,93.0,57.0
386117,堡林 悼备,2017031006,93.0,55.0
386118,堡林 悼备,2017031007,92.0,50.0
386119,堡林 悼备,2017031008,84.0,51.0
386120,堡林 悼备,2017031009,86.0,46.0
386121,堡林 悼备,2017031010,101.0,52.0
386122,堡林 悼备,2017031011,57.0,24.0
386123,堡林 悼备,2017031012,39.0,10.0
386124,堡林 悼备,2017031013,39.0,11.0
386125,堡林 悼备,2017031014,32.0,8.0
386126,堡林 悼备,2017031015,28.0,4.0
386127,堡林 悼备,2017031016,30.0,1.0
386128,堡林 悼备,2017031017,39.0,6.0
386129,堡林 悼备,2017031018,43.0,12.0
386130,堡林 悼备,2017031019,38.0,9.0
386131,堡林 悼备,2017031020,43.0,10.0
386132,堡林 悼备,2017031021,41.0,13.0
386133,堡林 悼备,2017031022,46.0,15.0
386134,堡林 悼备,2017031023,46.0,16.0
386135,堡林 悼备,2017031024,37.0,9.0
386136,堡林 悼备,2017031101,35.0,8.0
386137,堡林 悼备,2017031102,30.0,12.0
386138,堡林 悼备,2017031103,32.0,12.0
386139,堡林 悼备,2017031104,30.0,12.0
386140,堡林 悼备,2017031105,28.0,10.0
386141,堡林 悼备,2017031106,30.0,11.0
386142,堡林 悼备,2017031107,31.0,12.0
386143,堡林 悼备,2017031108,35.0,13.0
386144,堡林 悼备,2017031109,38.0,17.0
386145,堡林 悼备,2017031110,69.0,28.0
386146,堡林 悼备,2017031111,71.0,26.0
386147,堡林 悼备,2017031112,70.0,33.0
386148,堡林 悼备,2017031113,54.0,17.0
386149,堡林 悼备,2017031114,51.0,21.0
386150,堡林 悼备,2017031115,52.0,12.0
386151,堡林 悼备,2017031116,44.0,17.0
386152,堡林 悼备,2017031117,44.0,21.0
386153,堡林 悼备,2017031118,47.0,17.0
386154,堡林 悼备,2017031119,42.0,19.0
386155,堡林 悼备,2017031120,56.0,33.0
386156,堡林 悼备,2017031121,89.0,62.0
386157,堡林 悼备,2017031122,65.0,37.0
386158,堡林 悼备,2017031123,61.0,34.0
386159,堡林 悼备,2017031124,49.0,24.0
386160,堡林 悼备,2017031201,50.0,23.0
386161,堡林 悼备,2017031202,51.0,32.0
386162,堡林 悼备,2017031203,51.0,33.0
386163,堡林 悼备,2017031204,57.0,35.0
386164,堡林 悼备,2017031205,53.0,29.0
386165,堡林 悼备,2017031206,54.0,31.0
386166,堡林 悼备,2017031207,55.0,34.0
386167,堡林 悼备,2017031208,58.0,35.0
386168,堡林 悼备,2017031209,66.0,33.0
386169,堡林 悼备,2017031210,77.0,42.0
386170,堡林 悼备,2017031211,79.0,48.0
386171,堡林 悼备,2017031212,82.0,41.0
386172,堡林 悼备,2017031213,71.0,30.0
386173,堡林 悼备,2017031214,48.0,23.0
386174,堡林 悼备,2017031215,50.0,24.0
386175,堡林 悼备,2017031216,34.0,14.0
386176,堡林 悼备,2017031217,36.0,15.0
386177,堡林 悼备,2017031218,58.0,29.0
386178,堡林 悼备,2017031219,64.0,36.0
386179,堡林 悼备,2017031220,62.0,35.0
386180,堡林 悼备,2017031221,72.0,45.0
386181,堡林 悼备,2017031222,88.0,57.0
386182,堡林 悼备,2017031223,96.0,58.0
386183,堡林 悼备,2017031224,84.0,49.0
386184,堡林 悼备,2017031301,73.0,47.0
386185,堡林 悼备,2017031302,83.0,50.0
386186,堡林 悼备,2017031303,81.0,51.0
386187,堡林 悼备,2017031304,83.0,51.0
386188,堡林 悼备,2017031305,79.0,47.0
386189,堡林 悼备,2017031306,77.0,53.0
386190,堡林 悼备,2017031307,77.0,54.0
386191,堡林 悼备,2017031308,88.0,66.0
386192,堡林 悼备,2017031309,93.0,66.0
386193,堡林 悼备,2017031310,92.0,66.0
386194,堡林 悼备,2017031311,80.0,51.0
386195,堡林 悼备,2017031312,64.0,35.0
386196,堡林 悼备,2017031313,47.0,26.0
386197,堡林 悼备,2017031314,34.0,18.0
386198,堡林 悼备,2017031315,31.0,12.0
386199,堡林 悼备,2017031316,39.0,17.0
386200,堡林 悼备,2017031317,36.0,20.0
386201,堡林 悼备,2017031318,50.0,23.0
386202,堡林 悼备,2017031319,61.0,25.0
386203,堡林 悼备,2017031320,61.0,28.0
386204,堡林 悼备,2017031321,65.0,35.0
386205,堡林 悼备,2017031322,65.0,31.0
386206,堡林 悼备,2017031323,62.0,35.0
386207,堡林 悼备,2017031324,61.0,32.0
386208,堡林 悼备,2017031401,55.0,32.0
386209,堡林 悼备,2017031402,56.0,31.0
386210,堡林 悼备,2017031403,56.0,33.0
386211,堡林 悼备,2017031404,57.0,35.0
386212,堡林 悼备,2017031405,51.0,32.0
386213,堡林 悼备,2017031406,54.0,33.0
386214,堡林 悼备,2017031407,56.0,32.0
386215,堡林 悼备,2017031408,60.0,36.0
386216,堡林 悼备,2017031409,70.0,38.0
386217,堡林 悼备,2017031410,76.0,40.0
386218,堡林 悼备,2017031411,73.0,38.0
386219,堡林 悼备,2017031412,53.0,18.0
386220,堡林 悼备,2017031413,44.0,7.0
386221,堡林 悼备,2017031414,30.0,6.0
386222,堡林 悼备,2017031415,39.0,1.0
386223,堡林 悼备,2017031416,32.0,5.0
386224,堡林 悼备,2017031417,,
386225,堡林 悼备,2017031418,53.0,18.0
386226,堡林 悼备,2017031419,52.0,25.0
386227,堡林 悼备,2017031420,59.0,27.0
386228,堡林 悼备,2017031421,53.0,21.0
386229,堡林 悼备,2017031422,58.0,29.0
386230,堡林 悼备,2017031423,44.0,18.0
386231,堡林 悼备,2017031424,40.0,15.0
386232,堡林 悼备,2017031501,40.0,15.0
386233,堡林 悼备,2017031502,45.0,21.0
386234,堡林 悼备,2017031503,45.0,23.0
386235,堡林 悼备,2017031504,39.0,21.0
386236,堡林 悼备,2017031505,39.0,22.0
386237,堡林 悼备,2017031506,36.0,16.0
386238,堡林 悼备,2017031507,43.0,17.0
386239,堡林 悼备,2017031508,43.0,20.0
386240,堡林 悼备,2017031509,56.0,22.0
386241,堡林 悼备,2017031510,64.0,28.0
386242,堡林 悼备,2017031511,68.0,27.0
386243,堡林 悼备,2017031512,52.0,24.0
386244,堡林 悼备,2017031513,47.0,25.0
386245,堡林 悼备,2017031514,46.0,19.0
386246,堡林 悼备,2017031515,49.0,22.0
386247,堡林 悼备,2017031516,54.0,25.0
386248,堡林 悼备,2017031517,47.0,18.0
386249,堡林 悼备,2017031518,46.0,15.0
386250,堡林 悼备,2017031519,45.0,11.0
386251,堡林 悼备,2017031520,43.0,14.0
386252,堡林 悼备,2017031521,31.0,13.0
386253,堡林 悼备,2017031522,37.0,14.0
386254,堡林 悼备,2017031523,38.0,13.0
386255,堡林 悼备,2017031524,38.0,12.0
386256,堡林 悼备,2017031601,33.0,13.0
386257,堡林 悼备,2017031602,34.0,15.0
386258,堡林 悼备,2017031603,31.0,15.0
386259,堡林 悼备,2017031604,28.0,13.0
386260,堡林 悼备,2017031605,30.0,14.0
386261,堡林 悼备,2017031606,27.0,12.0
386262,堡林 悼备,2017031607,34.0,14.0
386263,堡林 悼备,2017031608,33.0,16.0
386264,堡林 悼备,2017031609,54.0,23.0
386265,堡林 悼备,2017031610,73.0,34.0
386266,堡林 悼备,2017031611,80.0,42.0
386267,堡林 悼备,2017031612,67.0,33.0
386268,堡林 悼备,2017031613,35.0,10.0
386269,堡林 悼备,2017031614,31.0,11.0
386270,堡林 悼备,2017031615,33.0,11.0
386271,堡林 悼备,2017031616,24.0,10.0
386272,堡林 悼备,2017031617,23.0,5.0
386273,堡林 悼备,2017031618,28.0,6.0
386274,堡林 悼备,2017031619,27.0,9.0
386275,堡林 悼备,2017031620,25.0,8.0
386276,堡林 悼备,2017031621,39.0,17.0
386277,堡林 悼备,2017031622,40.0,19.0
386278,堡林 悼备,2017031623,40.0,14.0
386279,堡林 悼备,2017031624,38.0,18.0
386280,堡林 悼备,2017031701,42.0,20.0
386281,堡林 悼备,2017031702,47.0,23.0
386282,堡林 悼备,2017031703,39.0,21.0
386283,堡林 悼备,2017031704,36.0,17.0
386284,堡林 悼备,2017031705,36.0,21.0
386285,堡林 悼备,2017031706,38.0,25.0
386286,堡林 悼备,2017031707,44.0,29.0
386287,堡林 悼备,2017031708,51.0,32.0
386288,堡林 悼备,2017031709,62.0,38.0
386289,堡林 悼备,2017031710,84.0,48.0
386290,堡林 悼备,2017031711,98.0,52.0
386291,堡林 悼备,2017031712,86.0,45.0
386292,堡林 悼备,2017031713,62.0,27.0
386293,堡林 悼备,2017031714,42.0,22.0
386294,堡林 悼备,2017031715,36.0,18.0
386295,堡林 悼备,2017031716,49.0,23.0
386296,堡林 悼备,2017031717,38.0,19.0
386297,堡林 悼备,2017031718,41.0,20.0
386298,堡林 悼备,2017031719,66.0,35.0
386299,堡林 悼备,2017031720,69.0,39.0
386300,堡林 悼备,2017031721,64.0,39.0
386301,堡林 悼备,2017031722,69.0,42.0
386302,堡林 悼备,2017031723,66.0,40.0
386303,堡林 悼备,2017031724,65.0,41.0
386304,堡林 悼备,2017031801,64.0,40.0
386305,堡林 悼备,2017031802,59.0,41.0
386306,堡林 悼备,2017031803,64.0,41.0
386307,堡林 悼备,2017031804,62.0,42.0
386308,堡林 悼备,2017031805,63.0,39.0
386309,堡林 悼备,2017031806,66.0,40.0
386310,堡林 悼备,2017031807,68.0,48.0
386311,堡林 悼备,2017031808,67.0,48.0
386312,堡林 悼备,2017031809,77.0,48.0
386313,堡林 悼备,2017031810,95.0,55.0
386314,堡林 悼备,2017031811,84.0,52.0
386315,堡林 悼备,2017031812,92.0,59.0
386316,堡林 悼备,2017031813,97.0,60.0
386317,堡林 悼备,2017031814,102.0,60.0
386318,堡林 悼备,2017031815,88.0,57.0
386319,堡林 悼备,2017031816,60.0,38.0
386320,堡林 悼备,2017031817,58.0,37.0
386321,堡林 悼备,2017031818,70.0,48.0
386322,堡林 悼备,2017031819,65.0,31.0
386323,堡林 悼备,2017031820,64.0,32.0
386324,堡林 悼备,2017031821,65.0,32.0
386325,堡林 悼备,2017031822,53.0,30.0
386326,堡林 悼备,2017031823,40.0,24.0
386327,堡林 悼备,2017031824,44.0,21.0
386328,堡林 悼备,2017031901,35.0,20.0
386329,堡林 悼备,2017031902,44.0,19.0
386330,堡林 悼备,2017031903,37.0,23.0
386331,堡林 悼备,2017031904,36.0,19.0
386332,堡林 悼备,2017031905,39.0,20.0
386333,堡林 悼备,2017031906,34.0,22.0
386334,堡林 悼备,2017031907,40.0,16.0
386335,堡林 悼备,2017031908,41.0,26.0
386336,堡林 悼备,2017031909,50.0,24.0
386337,堡林 悼备,2017031910,70.0,38.0
386338,堡林 悼备,2017031911,73.0,38.0
386339,堡林 悼备,2017031912,61.0,28.0
386340,堡林 悼备,2017031913,72.0,38.0
386341,堡林 悼备,2017031914,51.0,29.0
386342,堡林 悼备,2017031915,48.0,25.0
386343,堡林 悼备,2017031916,51.0,20.0
386344,堡林 悼备,2017031917,52.0,24.0
386345,堡林 悼备,2017031918,58.0,29.0
386346,堡林 悼备,2017031919,76.0,46.0
386347,堡林 悼备,2017031920,82.0,45.0
386348,堡林 悼备,2017031921,79.0,49.0
386349,堡林 悼备,2017031922,83.0,56.0
386350,堡林 悼备,2017031923,79.0,49.0
386351,堡林 悼备,2017031924,83.0,47.0
386352,堡林 悼备,2017032001,78.0,52.0
386353,堡林 悼备,2017032002,76.0,49.0
386354,堡林 悼备,2017032003,71.0,47.0
386355,堡林 悼备,2017032004,67.0,47.0
386356,堡林 悼备,2017032005,60.0,39.0
386357,堡林 悼备,2017032006,63.0,36.0
386358,堡林 悼备,2017032007,64.0,42.0
386359,堡林 悼备,2017032008,79.0,44.0
386360,堡林 悼备,2017032009,88.0,49.0
386361,堡林 悼备,2017032010,107.0,59.0
386362,堡林 悼备,2017032011,108.0,58.0
386363,堡林 悼备,2017032012,89.0,49.0
386364,堡林 悼备,2017032013,80.0,48.0
386365,堡林 悼备,2017032014,77.0,45.0
386366,堡林 悼备,2017032015,68.0,39.0
386367,堡林 悼备,2017032016,70.0,42.0
386368,堡林 悼备,2017032017,54.0,31.0
386369,堡林 悼备,2017032018,38.0,25.0
386370,堡林 悼备,2017032019,39.0,25.0
386371,堡林 悼备,2017032020,38.0,31.0
386372,堡林 悼备,2017032021,41.0,28.0
386373,堡林 悼备,2017032022,38.0,25.0
386374,堡林 悼备,2017032023,38.0,27.0
386375,堡林 悼备,2017032024,33.0,24.0
386376,堡林 悼备,2017032101,26.0,22.0
386377,堡林 悼备,2017032102,27.0,15.0
386378,堡林 悼备,2017032103,23.0,17.0
386379,堡林 悼备,2017032104,51.0,39.0
386380,堡林 悼备,2017032105,51.0,35.0
386381,堡林 悼备,2017032106,51.0,36.0
386382,堡林 悼备,2017032107,61.0,42.0
386383,堡林 悼备,2017032108,78.0,57.0
386384,堡林 悼备,2017032109,102.0,74.0
386385,堡林 悼备,2017032110,110.0,74.0
386386,堡林 悼备,2017032111,90.0,54.0
386387,堡林 悼备,2017032112,45.0,13.0
386388,堡林 悼备,2017032113,39.0,14.0
386389,堡林 悼备,2017032114,39.0,11.0
386390,堡林 悼备,2017032115,28.0,9.0
386391,堡林 悼备,2017032116,40.0,10.0
386392,堡林 悼备,2017032117,39.0,9.0
386393,堡林 悼备,2017032118,49.0,19.0
386394,堡林 悼备,2017032119,60.0,24.0
386395,堡林 悼备,2017032120,61.0,22.0
386396,堡林 悼备,2017032121,59.0,17.0
386397,堡林 悼备,2017032122,60.0,18.0
386398,堡林 悼备,2017032123,51.0,16.0
386399,堡林 悼备,2017032124,53.0,17.0
386400,堡林 悼备,2017032201,47.0,20.0
386401,堡林 悼备,2017032202,42.0,18.0
386402,堡林 悼备,2017032203,42.0,13.0
386403,堡林 悼备,2017032204,37.0,16.0
386404,堡林 悼备,2017032205,46.0,19.0
386405,堡林 悼备,2017032206,40.0,18.0
386406,堡林 悼备,2017032207,47.0,21.0
386407,堡林 悼备,2017032208,51.0,19.0
386408,堡林 悼备,2017032209,57.0,22.0
386409,堡林 悼备,2017032210,62.0,27.0
386410,堡林 悼备,2017032211,69.0,30.0
386411,堡林 悼备,2017032212,70.0,27.0
386412,堡林 悼备,2017032213,61.0,21.0
386413,堡林 悼备,2017032214,44.0,19.0
386414,堡林 悼备,2017032215,41.0,15.0
386415,堡林 悼备,2017032216,50.0,18.0
386416,堡林 悼备,2017032217,40.0,15.0
386417,堡林 悼备,2017032218,39.0,17.0
386418,堡林 悼备,2017032219,48.0,17.0
386419,堡林 悼备,2017032220,52.0,16.0
386420,堡林 悼备,2017032221,45.0,20.0
386421,堡林 悼备,2017032222,49.0,21.0
386422,堡林 悼备,2017032223,51.0,26.0
386423,堡林 悼备,2017032224,53.0,24.0
386424,堡林 悼备,2017032301,46.0,22.0
386425,堡林 悼备,2017032302,47.0,19.0
386426,堡林 悼备,2017032303,40.0,18.0
386427,堡林 悼备,2017032304,46.0,24.0
386428,堡林 悼备,2017032305,39.0,22.0
386429,堡林 悼备,2017032306,44.0,19.0
386430,堡林 悼备,2017032307,42.0,13.0
386431,堡林 悼备,2017032308,50.0,28.0
386432,堡林 悼备,2017032309,56.0,30.0
386433,堡林 悼备,2017032310,63.0,32.0
386434,堡林 悼备,2017032311,74.0,38.0
386435,堡林 悼备,2017032312,71.0,37.0
386436,堡林 悼备,2017032313,57.0,29.0
386437,堡林 悼备,2017032314,55.0,30.0
386438,堡林 悼备,2017032315,43.0,22.0
386439,堡林 悼备,2017032316,48.0,19.0
386440,堡林 悼备,2017032317,78.0,38.0
386441,堡林 悼备,2017032318,100.0,57.0
386442,堡林 悼备,2017032319,116.0,60.0
386443,堡林 悼备,2017032320,115.0,66.0
386444,堡林 悼备,2017032321,108.0,60.0
386445,堡林 悼备,2017032322,82.0,44.0
386446,堡林 悼备,2017032323,77.0,41.0
386447,堡林 悼备,2017032324,66.0,35.0
386448,堡林 悼备,2017032401,71.0,41.0
386449,堡林 悼备,2017032402,58.0,32.0
386450,堡林 悼备,2017032403,60.0,35.0
386451,堡林 悼备,2017032404,51.0,29.0
386452,堡林 悼备,2017032405,43.0,27.0
386453,堡林 悼备,2017032406,47.0,30.0
386454,堡林 悼备,2017032407,44.0,29.0
386455,堡林 悼备,2017032408,55.0,33.0
386456,堡林 悼备,2017032409,76.0,40.0
386457,堡林 悼备,2017032410,84.0,46.0
386458,堡林 悼备,2017032411,99.0,50.0
386459,堡林 悼备,2017032412,93.0,52.0
386460,堡林 悼备,2017032413,94.0,56.0
386461,堡林 悼备,2017032414,90.0,52.0
386462,堡林 悼备,2017032415,83.0,45.0
386463,堡林 悼备,2017032416,63.0,32.0
386464,堡林 悼备,2017032417,64.0,34.0
386465,堡林 悼备,2017032418,65.0,32.0
386466,堡林 悼备,2017032419,65.0,30.0
386467,堡林 悼备,2017032420,69.0,32.0
386468,堡林 悼备,2017032421,46.0,25.0
386469,堡林 悼备,2017032422,48.0,27.0
386470,堡林 悼备,2017032423,44.0,20.0
386471,堡林 悼备,2017032424,37.0,17.0
386472,堡林 悼备,2017032501,34.0,14.0
386473,堡林 悼备,2017032502,35.0,14.0
386474,堡林 悼备,2017032503,43.0,20.0
386475,堡林 悼备,2017032504,43.0,24.0
386476,堡林 悼备,2017032505,56.0,37.0
386477,堡林 悼备,2017032506,39.0,24.0
386478,堡林 悼备,2017032507,32.0,15.0
386479,堡林 悼备,2017032508,28.0,19.0
386480,堡林 悼备,2017032509,33.0,26.0
386481,堡林 悼备,2017032510,21.0,18.0
386482,堡林 悼备,2017032511,21.0,8.0
386483,堡林 悼备,2017032512,17.0,8.0
386484,堡林 悼备,2017032513,17.0,8.0
386485,堡林 悼备,2017032514,8.0,4.0
386486,堡林 悼备,2017032515,8.0,3.0
386487,堡林 悼备,2017032516,13.0,4.0
386488,堡林 悼备,2017032517,26.0,11.0
386489,堡林 悼备,2017032518,20.0,9.0
386490,堡林 悼备,2017032519,23.0,12.0
386491,堡林 悼备,2017032520,24.0,13.0
386492,堡林 悼备,2017032521,25.0,12.0
386493,堡林 悼备,2017032522,17.0,14.0
386494,堡林 悼备,2017032523,27.0,10.0
386495,堡林 悼备,2017032524,28.0,10.0
386496,堡林 悼备,2017032601,28.0,13.0
386497,堡林 悼备,2017032602,29.0,18.0
386498,堡林 悼备,2017032603,30.0,18.0
386499,堡林 悼备,2017032604,33.0,21.0
386500,堡林 悼备,2017032605,28.0,19.0
386501,堡林 悼备,2017032606,37.0,20.0
386502,堡林 悼备,2017032607,37.0,20.0
386503,堡林 悼备,2017032608,40.0,23.0
386504,堡林 悼备,2017032609,42.0,26.0
386505,堡林 悼备,2017032610,45.0,27.0
386506,堡林 悼备,2017032611,49.0,29.0
386507,堡林 悼备,2017032612,44.0,27.0
386508,堡林 悼备,2017032613,40.0,20.0
386509,堡林 悼备,2017032614,40.0,20.0
386510,堡林 悼备,2017032615,41.0,22.0
386511,堡林 悼备,2017032616,47.0,30.0
386512,堡林 悼备,2017032617,41.0,29.0
386513,堡林 悼备,2017032618,39.0,20.0
386514,堡林 悼备,2017032619,44.0,27.0
386515,堡林 悼备,2017032620,44.0,30.0
386516,堡林 悼备,2017032621,49.0,30.0
386517,堡林 悼备,2017032622,52.0,30.0
386518,堡林 悼备,2017032623,53.0,31.0
386519,堡林 悼备,2017032624,52.0,33.0
386520,堡林 悼备,2017032701,53.0,33.0
386521,堡林 悼备,2017032702,52.0,31.0
386522,堡林 悼备,2017032703,33.0,27.0
386523,堡林 悼备,2017032704,23.0,15.0
386524,堡林 悼备,2017032705,24.0,17.0
386525,堡林 悼备,2017032706,35.0,19.0
386526,堡林 悼备,2017032707,36.0,23.0
386527,堡林 悼备,2017032708,38.0,33.0
386528,堡林 悼备,2017032709,32.0,24.0
386529,堡林 悼备,2017032710,27.0,17.0
386530,堡林 悼备,2017032711,43.0,28.0
386531,堡林 悼备,2017032712,56.0,42.0
386532,堡林 悼备,2017032713,70.0,46.0
386533,堡林 悼备,2017032714,86.0,58.0
386534,堡林 悼备,2017032715,85.0,56.0
386535,堡林 悼备,2017032716,81.0,55.0
386536,堡林 悼备,2017032717,79.0,50.0
386537,堡林 悼备,2017032718,54.0,30.0
386538,堡林 悼备,2017032719,50.0,26.0
386539,堡林 悼备,2017032720,46.0,22.0
386540,堡林 悼备,2017032721,56.0,29.0
386541,堡林 悼备,2017032722,64.0,38.0
386542,堡林 悼备,2017032723,69.0,44.0
386543,堡林 悼备,2017032724,74.0,43.0
386544,堡林 悼备,2017032801,73.0,46.0
386545,堡林 悼备,2017032802,70.0,46.0
386546,堡林 悼备,2017032803,69.0,50.0
386547,堡林 悼备,2017032804,69.0,49.0
386548,堡林 悼备,2017032805,66.0,50.0
386549,堡林 悼备,2017032806,63.0,49.0
386550,堡林 悼备,2017032807,65.0,49.0
386551,堡林 悼备,2017032808,66.0,49.0
386552,堡林 悼备,2017032809,70.0,49.0
386553,堡林 悼备,2017032810,81.0,56.0
386554,堡林 悼备,2017032811,86.0,59.0
386555,堡林 悼备,2017032812,95.0,64.0
386556,堡林 悼备,2017032813,88.0,56.0
386557,堡林 悼备,2017032814,45.0,24.0
386558,堡林 悼备,2017032815,29.0,16.0
386559,堡林 悼备,2017032816,34.0,21.0
386560,堡林 悼备,2017032817,40.0,17.0
386561,堡林 悼备,2017032818,47.0,29.0
386562,堡林 悼备,2017032819,46.0,25.0
386563,堡林 悼备,2017032820,45.0,23.0
386564,堡林 悼备,2017032821,41.0,26.0
386565,堡林 悼备,2017032822,39.0,22.0
386566,堡林 悼备,2017032823,42.0,22.0
386567,堡林 悼备,2017032824,32.0,22.0
386568,堡林 悼备,2017032901,38.0,25.0
386569,堡林 悼备,2017032902,39.0,26.0
386570,堡林 悼备,2017032903,29.0,20.0
386571,堡林 悼备,2017032904,25.0,23.0
386572,堡林 悼备,2017032905,22.0,22.0
386573,堡林 悼备,2017032906,20.0,18.0
386574,堡林 悼备,2017032907,23.0,14.0
386575,堡林 悼备,2017032908,21.0,18.0
386576,堡林 悼备,2017032909,30.0,20.0
386577,堡林 悼备,2017032910,28.0,19.0
386578,堡林 悼备,2017032911,35.0,25.0
386579,堡林 悼备,2017032912,40.0,29.0
386580,堡林 悼备,2017032913,50.0,35.0
386581,堡林 悼备,2017032914,44.0,26.0
386582,堡林 悼备,2017032915,47.0,28.0
386583,堡林 悼备,2017032916,47.0,32.0
386584,堡林 悼备,2017032917,50.0,35.0
386585,堡林 悼备,2017032918,52.0,30.0
386586,堡林 悼备,2017032919,55.0,37.0
386587,堡林 悼备,2017032920,56.0,35.0
386588,堡林 悼备,2017032921,55.0,35.0
386589,堡林 悼备,2017032922,61.0,38.0
386590,堡林 悼备,2017032923,59.0,36.0
386591,堡林 悼备,2017032924,53.0,39.0
386592,堡林 悼备,2017033001,63.0,43.0
386593,堡林 悼备,2017033002,59.0,38.0
386594,堡林 悼备,2017033003,54.0,41.0
386595,堡林 悼备,2017033004,53.0,34.0
386596,堡林 悼备,2017033005,46.0,33.0
386597,堡林 悼备,2017033006,45.0,31.0
386598,堡林 悼备,2017033007,47.0,30.0
386599,堡林 悼备,2017033008,54.0,33.0
386600,堡林 悼备,2017033009,68.0,41.0
386601,堡林 悼备,2017033010,81.0,52.0
386602,堡林 悼备,2017033011,80.0,54.0
386603,堡林 悼备,2017033012,66.0,40.0
386604,堡林 悼备,2017033013,51.0,31.0
386605,堡林 悼备,2017033014,45.0,26.0
386606,堡林 悼备,2017033015,40.0,27.0
386607,堡林 悼备,2017033016,42.0,25.0
386608,堡林 悼备,2017033017,37.0,20.0
386609,堡林 悼备,2017033018,45.0,22.0
386610,堡林 悼备,2017033019,46.0,24.0
386611,堡林 悼备,2017033020,81.0,50.0
386612,堡林 悼备,2017033021,75.0,50.0
386613,堡林 悼备,2017033022,69.0,50.0
386614,堡林 悼备,2017033023,70.0,44.0
386615,堡林 悼备,2017033024,72.0,43.0
386616,堡林 悼备,2017033101,66.0,45.0
386617,堡林 悼备,2017033102,65.0,41.0
386618,堡林 悼备,2017033103,64.0,41.0
386619,堡林 悼备,2017033104,64.0,47.0
386620,堡林 悼备,2017033105,57.0,41.0
386621,堡林 悼备,2017033106,59.0,41.0
386622,堡林 悼备,2017033107,66.0,49.0
386623,堡林 悼备,2017033108,53.0,42.0
386624,堡林 悼备,2017033109,47.0,38.0
386625,堡林 悼备,2017033110,54.0,37.0
386626,堡林 悼备,2017033111,52.0,34.0
386627,堡林 悼备,2017033112,42.0,27.0
386628,堡林 悼备,2017033113,35.0,21.0
386629,堡林 悼备,2017033114,34.0,22.0
386630,堡林 悼备,2017033115,26.0,16.0
386631,堡林 悼备,2017033116,30.0,17.0
386632,堡林 悼备,2017033117,37.0,27.0
386633,堡林 悼备,2017033118,52.0,31.0
386634,堡林 悼备,2017033119,52.0,32.0
386635,堡林 悼备,2017033120,52.0,31.0
386636,堡林 悼备,2017033121,58.0,38.0
386637,堡林 悼备,2017033122,55.0,34.0
386638,堡林 悼备,2017033123,56.0,35.0
386639,堡林 悼备,2017033124,53.0,34.0
